hours,weak_score,strong_score,difficulty,consistency,mock_score,weakness_gap,performance_index,weak_time,strong_time,revision_time
8,43,68,10,4,49,25,44.5,9.48,5.12,1.6
10,67,93,8,3,79,26,54.5,9.65,7.65,2.0
2,11,80,4,4,61,69,50.5,2.09,1.4,0.4
3,56,85,7,8,55,29,67.5,2.91,2.17,0.6
3,62,66,3,7,56,4,63.0,2.22,1.89,0.6
5,12,93,8,8,61,81,70.5,6.2,3.83,1.0
10,58,88,6,7,67,30,68.5,9.1,7.4,2.0
2,66,87,3,9,53,21,71.5,1.44,1.47,0.4
6,71,98,4,9,72,27,81.0,4.47,4.74,1.2
10,13,94,8,6,46,81,53.0,12.35,7.7,2.0
6,26,62,4,8,87,36,83.5,5.82,3.66,1.2
8,27,62,3,6,88,35,74.0,7.32,4.88,1.6
3,62,82,5,7,52,20,61.0,2.52,2.13,0.6
10,61,82,5,7,69,21,69.5,8.45,7.1,2.0
6,59,78,4,7,59,19,64.5,4.83,4.14,1.2
2,18,100,7,9,46,82,68.0,2.32,1.6,0.4
6,75,71,6,9,46,-4,68.0,4.95,3.93,1.2
4,39,87,5,7,75,48,72.5,3.82,2.94,0.8
9,24,65,4,7,59,41,64.5,8.82,5.62,1.8
4,54,82,4,7,62,28,66.0,3.32,2.84,0.8
8,64,73,5,3,84,9,57.0,6.64,5.32,1.6
10,69,87,8,6,42,18,51.0,9.55,7.35,2.0
4,78,73,9,6,49,-5,54.5,3.84,2.66,0.8
3,46,63,8,10,44,17,72.0,3.21,1.84,0.6
8,61,79,7,4,45,18,42.5,7.56,5.56,1.6
7,57,87,7,10,63,30,81.5,6.75,5.14,1.4
9,18,80,6,5,81,62,65.5,9.99,6.3,1.8
7,74,88,3,3,83,14,56.5,4.76,5.18,1.4
7,53,88,8,4,69,35,54.5,7.25,5.18,1.4
8,43,68,5,4,50,25,45.0,7.48,5.12,1.6
9,77,84,4,6,61,7,60.5,6.44,6.48,1.8
3,42,99,5,9,69,57,79.5,2.82,2.38,0.6
7,10,98,7,8,62,88,71.0,8.4,5.53,1.4
6,22,97,9,4,49,75,44.5,7.44,4.71,1.2
5,76,95,7,7,52,19,61.0,4.35,3.87,1.0
6,54,76,7,5,66,22,58.0,5.88,4.08,1.2
6,21,91,3,9,73,70,81.5,5.67,4.53,1.2
10,30,88,10,7,71,58,70.5,12.5,7.4,2.0
5,78,82,3,5,63,4,56.5,3.3,3.55,1.0
5,33,78,10,4,81,45,60.5,6.18,3.45,1.0
6,45,76,10,3,53,31,41.5,7.05,4.08,1.2
9,15,75,8,5,59,60,54.5,11.03,6.08,1.8
7,10,68,7,3,75,58,52.5,8.4,4.48,1.4
10,41,61,4,6,78,20,69.0,8.95,6.05,2.0
5,45,64,7,5,71,19,60.5,5.12,3.1,1.0
8,68,77,5,7,77,9,73.5,6.48,5.48,1.6
9,23,100,10,7,64,77,67.0,11.57,7.2,1.8
5,46,95,3,4,80,49,60.0,4.1,3.87,1.0
8,15,100,8,6,70,85,65.0,9.8,6.4,1.6
10,70,86,4,4,49,16,44.5,7.5,7.3,2.0
9,74,79,3,4,52,5,46.0,6.12,6.26,1.8
10,12,99,8,5,68,87,59.0,12.4,7.95,2.0
7,60,93,7,3,55,33,42.5,6.65,5.36,1.4
10,46,99,5,9,90,53,90.0,9.2,7.95,2.0
4,50,96,3,9,52,46,71.0,3.2,3.12,0.8
8,29,90,4,5,60,61,55.0,7.64,6.0,1.6
3,64,76,3,7,44,12,57.0,2.19,2.04,0.6
10,54,77,5,6,47,23,53.5,8.8,6.85,2.0
8,38,63,4,7,81,25,75.5,7.28,4.92,1.6
8,64,67,9,3,76,3,53.0,8.24,5.08,1.6
3,13,92,4,5,41,79,45.5,3.1,2.28,0.6
3,46,72,7,9,88,26,89.0,3.06,1.98,0.6
10,80,95,4,7,84,15,77.0,7.0,7.75,2.0
10,25,93,5,10,63,68,81.5,10.25,7.65,2.0
7,53,99,8,9,44,46,67.0,7.25,5.56,1.4
4,14,96,7,5,83,82,66.5,4.72,3.12,0.8
4,69,64,5,5,45,-5,47.5,3.22,2.48,0.8
9,44,94,10,7,76,50,73.0,10.62,6.93,1.8
6,17,77,5,7,63,60,66.5,6.39,4.11,1.2
6,76,93,6,7,67,17,68.5,4.92,4.59,1.2
3,11,93,7,3,63,82,46.5,3.58,2.29,0.6
4,54,71,8,7,86,17,78.0,4.12,2.62,0.8
4,27,73,5,6,62,46,61.0,4.06,2.66,0.8
2,13,74,8,10,84,61,92.0,2.47,1.34,0.4
9,50,78,10,10,73,28,86.5,10.35,6.21,1.8
2,22,92,5,10,79,70,89.5,2.08,1.52,0.4
7,20,79,10,5,73,59,61.5,9.1,4.87,1.4
2,17,74,6,9,51,57,70.5,2.23,1.34,0.4
9,29,92,7,3,44,63,37.0,9.95,6.84,1.8
10,31,96,9,9,68,65,79.0,11.95,7.8,2.0
3,78,64,3,4,57,-14,48.5,1.98,1.86,0.6
8,42,64,5,8,69,22,74.5,7.52,4.96,1.6
4,10,85,8,5,67,75,58.5,5.0,2.9,0.8
3,35,90,4,5,89,55,69.5,2.78,2.25,0.6
9,38,93,8,6,85,55,72.5,9.99,6.88,1.8
8,53,78,4,7,66,25,68.0,6.68,5.52,1.6
6,41,82,6,4,71,41,55.5,5.97,4.26,1.2
2,43,80,5,6,58,37,59.0,1.87,1.4,0.4
9,66,71,5,3,58,5,44.0,7.38,5.9,1.8
8,36,84,5,6,62,48,61.0,7.76,5.76,1.6
4,25,62,10,10,44,37,72.0,5.1,2.44,0.8
3,42,73,9,6,66,31,63.0,3.42,2.0,0.6
3,13,74,6,5,62,61,56.0,3.41,2.01,0.6
4,11,75,7,10,61,64,80.5,4.78,2.7,0.8
9,61,87,8,9,60,26,75.0,8.96,6.62,1.8
7,73,69,7,6,46,-4,53.0,6.2,4.52,1.4
5,26,96,3,3,73,70,51.5,4.6,3.9,1.0
8,76,64,8,3,61,-12,45.5,7.36,4.96,1.6
5,46,72,3,6,90,26,75.0,4.1,3.3,1.0
7,58,96,7,5,51,38,50.5,6.72,5.46,1.4
6,58,86,3,7,43,28,56.5,4.56,4.38,1.2
3,64,62,9,4,58,-2,49.0,3.09,1.83,0.6
5,37,91,6,3,59,54,44.5,5.08,3.77,1.0
7,22,72,10,3,89,50,59.5,9.03,4.62,1.4
7,79,86,8,3,83,7,56.5,6.33,5.11,1.4
7,29,83,6,3,48,54,39.0,7.38,5.0,1.4
4,60,90,4,10,70,30,85.0,3.2,3.0,0.8
4,74,100,4,4,65,26,52.5,2.92,3.2,0.8
4,10,77,4,4,81,67,60.5,4.2,2.74,0.8
5,16,79,5,8,85,63,82.5,5.35,3.48,1.0
4,49,74,9,7,44,25,57.0,4.42,2.68,0.8
2,80,97,4,10,72,17,86.0,1.4,1.57,0.4
6,15,67,9,8,66,52,73.0,7.65,3.81,1.2
8,42,86,7,6,77,44,68.5,8.32,5.84,1.6
2,50,100,4,10,64,50,82.0,1.7,1.6,0.4
3,57,80,5,5,86,23,68.0,2.59,2.1,0.6
6,42,86,7,7,72,44,71.0,6.24,4.38,1.2
7,48,64,10,6,79,16,69.5,8.12,4.34,1.4
7,32,69,4,10,82,37,91.0,6.58,4.52,1.4
10,23,68,3,9,65,45,77.5,9.35,6.4,2.0
3,18,94,8,10,84,76,92.0,3.63,2.31,0.6
9,12,96,8,10,43,84,71.5,11.16,7.02,1.8
5,66,94,6,5,67,28,58.5,4.35,3.85,1.0
10,33,89,7,6,84,56,72.0,10.85,7.45,2.0
10,49,83,5,9,58,34,74.0,9.05,7.15,2.0
7,43,90,6,4,42,47,41.0,6.9,5.25,1.4
2,20,68,8,6,83,48,71.5,2.4,1.28,0.4
2,44,89,5,10,86,45,93.0,1.86,1.49,0.4
6,53,67,10,3,51,14,40.5,6.81,3.81,1.2
7,30,60,6,5,70,30,60.0,7.35,4.2,1.4
10,74,66,8,6,76,-8,68.0,9.3,6.3,2.0
5,76,67,4,5,66,-9,58.0,3.6,3.17,1.0
7,49,97,6,5,88,48,69.0,6.69,5.49,1.4
7,18,60,5,10,56,42,78.0,7.42,4.2,1.4
9,53,82,7,6,74,29,67.0,8.87,6.39,1.8
9,32,93,3,3,85,61,57.5,8.01,6.88,1.8
3,67,89,8,4,76,22,58.0,2.9,2.23,0.6
3,29,65,10,7,82,36,76.0,3.76,1.88,0.6
7,50,77,10,5,89,27,69.5,8.05,4.79,1.4
3,58,71,9,9,42,13,66.0,3.18,1.97,0.6
5,46,86,3,3,40,40,35.0,4.1,3.65,1.0
7,14,70,3,9,46,56,68.0,6.86,4.55,1.4
8,62,77,6,7,49,15,59.5,7.12,5.48,1.6
4,22,97,3,7,53,75,61.5,3.76,3.14,0.8
6,25,73,8,6,68,48,64.0,7.05,3.99,1.2
5,33,84,7,5,54,51,52.0,5.42,3.6,1.0
6,47,94,5,8,50,47,65.0,5.49,4.62,1.2
8,62,70,5,9,55,8,72.5,6.72,5.2,1.6
4,69,86,4,9,56,17,73.0,3.02,2.92,0.8
2,50,64,10,8,62,14,71.0,2.3,1.24,0.4
7,69,75,9,7,90,6,80.0,7.04,4.73,1.4
3,15,77,6,10,45,62,72.5,3.38,2.06,0.6
2,18,91,5,7,70,73,70.0,2.12,1.51,0.4
5,29,76,10,5,75,47,62.5,6.27,3.4,1.0
10,11,70,5,5,65,59,57.5,10.95,6.5,2.0
10,14,80,4,5,88,66,69.0,10.3,7.0,2.0
8,50,99,9,4,52,49,46.0,8.8,6.36,1.6
3,23,73,8,3,82,50,56.0,3.56,2.0,0.6
5,48,60,10,4,54,12,47.0,5.8,3.0,1.0
2,70,68,7,8,53,-2,66.5,1.8,1.28,0.4
2,11,67,4,7,59,56,64.5,2.09,1.27,0.4
6,72,75,10,4,83,3,61.5,6.24,4.05,1.2
6,63,76,6,5,70,13,60.0,5.31,4.08,1.2
10,38,87,3,3,79,49,54.5,8.6,7.35,2.0
2,65,80,6,3,40,15,35.0,1.75,1.4,0.4
4,40,99,6,3,43,59,36.5,4.0,3.18,0.8
3,21,89,4,7,72,68,71.0,2.99,2.23,0.6
3,50,89,4,9,44,39,67.0,2.55,2.23,0.6
8,18,98,9,6,88,80,74.0,10.08,6.32,1.6
9,63,95,7,7,59,32,64.5,8.41,6.97,1.8
10,58,65,10,5,75,7,62.5,11.1,6.25,2.0
9,61,89,4,9,48,28,69.0,7.15,6.71,1.8
9,30,88,4,6,79,58,69.5,8.55,6.66,1.8
9,76,80,3,4,69,4,54.5,6.03,6.3,1.8
2,53,98,7,4,45,45,42.5,1.97,1.58,0.4
9,79,95,9,4,76,16,58.0,8.6,6.97,1.8
3,48,82,8,9,45,34,67.5,3.18,2.13,0.6
7,19,92,5,9,65,73,77.5,7.39,5.32,1.4
4,65,95,7,4,72,30,56.0,3.7,3.1,0.8
6,58,66,4,10,87,8,93.5,4.86,3.78,1.2
6,53,61,7,9,58,8,74.0,5.91,3.63,1.2
9,63,92,4,4,60,29,50.0,7.06,6.84,1.8
2,17,75,10,3,88,58,59.0,2.63,1.35,0.4
6,32,70,4,6,60,38,60.0,5.64,3.9,1.2
6,69,92,10,10,53,23,76.5,6.33,4.56,1.2
6,64,90,5,5,69,26,59.5,4.98,4.5,1.2
5,37,87,10,6,42,50,51.0,6.08,3.67,1.0
8,43,95,4,5,83,52,66.5,7.08,6.2,1.6
2,39,68,8,8,46,29,63.0,2.21,1.28,0.4
8,58,81,10,7,44,23,57.0,8.88,5.64,1.6
4,78,65,5,6,59,-13,59.5,3.04,2.5,0.8
9,46,89,5,4,50,43,45.0,8.28,6.71,1.8
8,37,65,4,8,50,28,65.0,7.32,5.0,1.6
3,15,86,5,9,43,71,66.5,3.22,2.19,0.6
8,31,85,5,10,61,54,80.5,7.96,5.8,1.6
2,26,93,4,6,90,67,75.0,1.94,1.53,0.4
3,72,86,3,3,40,14,35.0,2.07,2.19,0.6
9,60,95,4,8,58,35,69.0,7.2,6.97,1.8
3,13,91,3,7,77,78,73.5,2.96,2.27,0.6
5,72,86,7,9,82,14,86.0,4.45,3.65,1.0
4,77,89,7,3,59,12,44.5,3.46,2.98,0.8
3,55,83,9,3,79,28,54.5,3.22,2.15,0.6
2,75,85,6,6,57,10,58.5,1.65,1.45,0.4
6,52,81,4,9,75,29,82.5,5.04,4.23,1.2
7,27,99,6,3,40,72,35.0,7.46,5.56,1.4
9,25,94,8,9,44,69,67.0,10.58,6.93,1.8
9,48,98,10,5,49,50,49.5,10.44,7.11,1.8
3,26,86,10,7,62,60,66.0,3.81,2.19,0.6
10,72,68,8,3,70,-4,50.0,9.4,6.4,2.0
3,13,93,10,5,90,80,70.0,4.0,2.29,0.6
9,30,64,9,4,77,34,58.5,10.8,5.58,1.8
6,14,82,5,10,50,68,75.0,6.48,4.26,1.2
8,77,82,5,6,52,5,56.0,6.12,5.68,1.6
8,55,68,9,8,51,13,65.5,8.6,5.12,1.6
9,58,91,8,7,52,33,61.0,9.09,6.79,1.8
2,71,79,8,10,62,8,81.0,1.89,1.39,0.4
2,47,60,4,6,89,13,74.5,1.73,1.2,0.4
7,49,67,10,6,65,18,62.5,8.09,4.45,1.4
7,45,95,10,7,82,50,76.0,8.22,5.42,1.4
8,40,93,7,7,47,53,58.5,8.4,6.12,1.6
9,25,93,4,9,56,68,73.0,8.78,6.88,1.8
2,34,77,7,5,50,43,50.0,2.16,1.37,0.4
2,63,84,9,7,40,21,55.0,2.07,1.44,0.4
5,38,95,9,9,63,57,76.5,5.8,3.87,1.0
3,35,76,7,8,45,41,62.5,3.23,2.04,0.6
2,11,71,8,7,71,60,70.5,2.49,1.31,0.4
4,52,71,4,9,85,19,87.5,3.36,2.62,0.8
7,26,81,6,6,75,55,67.5,7.49,4.94,1.4
5,37,89,7,9,88,52,89.0,5.32,3.73,1.0
6,55,84,3,8,42,29,61.0,4.65,4.32,1.2
7,66,83,5,6,47,17,53.5,5.74,5.0,1.4
5,58,86,5,9,62,28,76.0,4.3,3.65,1.0
6,57,73,9,8,72,16,76.0,6.39,3.99,1.2
7,39,92,10,7,75,53,72.5,8.44,5.32,1.4
2,60,70,3,7,61,10,65.5,1.5,1.3,0.4
5,79,88,10,7,80,9,75.0,5.02,3.7,1.0
6,29,97,9,6,87,68,73.5,7.23,4.71,1.2
8,33,65,8,9,59,32,74.5,9.08,5.0,1.6
9,40,95,7,4,51,55,45.5,9.45,6.97,1.8
8,65,72,10,6,90,7,75.0,8.6,5.28,1.6
3,23,99,4,10,45,76,72.5,2.96,2.38,0.6
7,70,63,4,8,79,-7,79.5,5.25,4.3,1.4
8,54,80,6,10,70,26,85.0,7.44,5.6,1.6
3,21,63,4,7,57,42,63.5,2.99,1.84,0.6
4,37,65,7,9,51,28,70.5,4.26,2.5,0.8
5,70,86,9,8,78,16,79.0,5.0,3.65,1.0
4,79,68,7,4,49,-11,44.5,3.42,2.56,0.8
9,13,93,4,4,40,80,40.0,9.31,6.88,1.8
10,69,82,4,8,47,13,63.5,7.55,7.1,2.0
4,26,72,9,5,67,46,58.5,4.88,2.64,0.8
5,14,82,4,6,43,68,51.5,5.15,3.55,1.0
2,26,82,3,7,86,56,78.0,1.84,1.42,0.4
10,48,93,8,3,73,45,51.5,10.6,7.65,2.0
3,72,79,6,4,90,7,65.0,2.52,2.08,0.6
3,37,91,8,5,90,54,70.0,3.35,2.27,0.6
3,26,85,4,9,85,59,87.5,2.91,2.17,0.6
2,52,78,7,8,54,26,67.0,1.98,1.38,0.4
10,52,91,9,4,49,39,44.5,10.9,7.55,2.0
5,74,100,6,5,70,26,60.0,4.15,4.0,1.0
8,51,98,3,9,59,47,74.5,6.36,6.32,1.6
6,15,71,10,3,90,56,60.0,7.95,3.93,1.2
8,41,83,6,5,68,42,59.0,7.96,5.72,1.6
9,29,70,5,5,84,41,67.0,9.04,5.85,1.8
5,54,67,9,9,56,13,73.0,5.4,3.17,1.0
9,51,87,9,8,69,36,74.5,9.86,6.62,1.8
6,29,64,10,4,67,35,53.5,7.53,3.72,1.2
5,21,76,5,9,56,55,73.0,5.22,3.4,1.0
5,47,82,10,5,87,35,68.5,5.83,3.55,1.0
6,63,72,6,8,59,9,69.5,5.31,3.96,1.2
6,74,85,10,8,40,11,60.0,6.18,4.35,1.2
7,51,92,8,10,79,41,89.5,7.31,5.32,1.4
3,77,71,4,6,44,-6,52.0,2.15,1.97,0.6
2,50,76,3,3,47,26,38.5,1.6,1.36,0.4
2,75,65,9,9,71,-10,80.5,1.95,1.25,0.4
5,79,60,8,7,40,-19,55.0,4.53,3.0,1.0
2,10,94,6,8,41,84,60.5,2.3,1.54,0.4
6,61,76,9,4,84,15,62.0,6.27,4.08,1.2
5,11,70,6,10,73,59,86.5,5.72,3.25,1.0
4,78,90,9,7,54,12,62.0,3.84,3.0,0.8
4,72,100,5,6,55,28,57.5,3.16,3.2,0.8
9,17,81,4,9,82,64,86.0,9.13,6.35,1.8
2,30,97,6,5,85,67,67.5,2.1,1.57,0.4
7,69,77,5,8,43,8,61.5,5.64,4.79,1.4
4,62,84,9,10,49,22,74.5,4.16,2.88,0.8
4,24,88,4,5,65,64,57.5,3.92,2.96,0.8
3,80,70,8,3,50,-10,40.0,2.7,1.95,0.6
9,45,68,8,4,60,23,50.0,9.68,5.76,1.8
3,44,60,10,5,59,16,54.5,3.54,1.8,0.6
8,79,99,8,6,69,20,64.5,7.24,6.36,1.6
10,74,67,4,7,80,-7,75.0,7.3,6.35,2.0
9,31,98,4,7,52,67,61.0,8.51,7.11,1.8
5,71,72,9,8,71,1,75.5,4.98,3.3,1.0
6,25,86,6,10,69,61,84.5,6.45,4.38,1.2
7,52,76,8,6,42,24,51.0,7.28,4.76,1.4
4,50,66,10,10,44,16,72.0,4.6,2.52,0.8
3,21,90,4,6,56,69,58.0,2.99,2.25,0.6
10,33,61,7,9,74,28,82.0,10.85,6.05,2.0
10,54,79,5,5,90,25,70.0,8.8,6.95,2.0
10,36,81,7,8,62,45,71.0,10.7,7.05,2.0
2,10,100,9,3,74,90,52.0,2.6,1.6,0.4
8,45,98,8,8,88,53,84.0,8.6,6.32,1.6
10,78,73,10,4,56,-5,48.0,10.1,6.65,2.0
2,57,71,6,6,75,14,67.5,1.83,1.31,0.4
7,23,97,9,7,51,74,60.5,8.65,5.49,1.4
2,17,100,5,3,68,83,49.0,2.13,1.6,0.4
8,75,91,9,5,43,16,46.5,7.8,6.04,1.6
3,31,74,7,6,46,43,53.0,3.29,2.01,0.6
3,25,96,4,10,65,71,82.5,2.93,2.34,0.6
2,70,98,8,5,49,28,49.5,1.9,1.58,0.4
3,14,99,8,4,48,85,44.0,3.69,2.38,0.6
4,73,74,4,8,67,1,73.5,2.94,2.68,0.8
8,50,89,3,5,82,39,66.0,6.4,5.96,1.6
4,79,90,3,4,85,11,62.5,2.62,3.0,0.8
3,40,77,3,10,59,37,79.5,2.55,2.06,0.6
6,51,73,8,7,43,22,56.5,6.27,3.99,1.2
5,54,98,7,7,41,44,55.5,4.9,3.95,1.0
10,30,63,8,6,63,33,61.5,11.5,6.15,2.0
10,56,82,10,5,87,26,68.5,11.2,7.1,2.0
8,17,95,7,10,50,78,75.0,9.32,6.2,1.6
8,76,64,6,3,43,-12,36.5,6.56,4.96,1.6
8,74,99,10,7,71,25,70.5,8.24,6.36,1.6
8,29,88,9,4,44,59,42.0,9.64,5.92,1.6
8,56,76,5,7,75,20,72.5,6.96,5.44,1.6
5,55,70,8,9,89,15,89.5,5.12,3.25,1.0
6,18,99,5,8,58,81,69.0,6.36,4.77,1.2
4,46,66,8,5,48,20,49.0,4.28,2.52,0.8
9,65,61,5,3,89,-4,59.5,7.42,5.45,1.8
7,16,82,8,9,73,66,81.5,8.54,4.97,1.4
9,75,95,7,7,46,20,58.0,7.88,6.97,1.8
5,71,76,5,7,41,5,55.5,3.98,3.4,1.0
9,31,63,10,7,62,32,66.0,11.21,5.54,1.8
2,47,66,7,9,68,19,79.0,2.03,1.26,0.4
6,70,93,3,3,87,23,58.5,4.2,4.59,1.2
6,24,85,4,8,83,61,81.5,5.88,4.35,1.2
6,20,72,5,10,58,52,79.0,6.3,3.96,1.2
2,22,94,10,7,61,72,65.5,2.58,1.54,0.4
5,43,72,9,8,80,29,80.0,5.67,3.3,1.0
4,12,60,6,7,74,48,72.0,4.56,2.4,0.8
3,39,87,3,5,52,48,51.0,2.57,2.21,0.6
7,28,96,9,5,63,68,56.5,8.47,5.46,1.4
3,56,75,9,3,78,19,54.0,3.21,2.03,0.6
8,72,100,3,10,89,28,94.5,5.52,6.4,1.6
4,66,82,8,3,59,16,44.5,3.88,2.84,0.8
4,64,82,7,3,61,18,45.5,3.72,2.84,0.8
4,70,86,8,5,78,16,64.0,3.8,2.92,0.8
4,13,79,8,10,47,66,73.5,4.94,2.78,0.8
2,51,86,5,7,53,35,61.5,1.79,1.46,0.4
10,22,73,10,6,70,51,65.0,12.9,6.65,2.0
4,59,60,8,6,77,1,68.5,4.02,2.4,0.8
6,27,89,9,10,61,62,80.5,7.29,4.47,1.2
2,41,72,4,10,49,31,74.5,1.79,1.32,0.4
4,38,77,7,3,46,39,38.0,4.24,2.74,0.8
9,40,93,8,6,51,53,55.5,9.9,6.88,1.8
7,44,88,5,8,58,44,69.0,6.51,5.18,1.4
4,34,66,8,5,73,32,61.5,4.52,2.52,0.8
10,59,73,10,4,83,14,61.5,11.05,6.65,2.0
2,57,63,7,8,83,6,81.5,1.93,1.23,0.4
10,75,97,3,7,79,22,74.5,6.75,7.85,2.0
9,36,63,4,9,77,27,83.5,8.28,5.54,1.8
4,33,95,5,6,76,62,68.0,3.94,3.1,0.8
10,38,66,6,9,66,28,78.0,10.1,6.3,2.0
5,29,99,7,9,63,70,76.5,5.53,3.97,1.0
7,23,65,6,8,86,42,83.0,7.59,4.38,1.4
10,77,94,4,3,54,17,42.0,7.15,7.7,2.0
6,67,72,4,4,60,5,50.0,4.59,3.96,1.2
3,13,100,5,3,40,87,35.0,3.25,2.4,0.6
4,46,97,7,5,46,51,48.0,4.08,3.14,0.8
4,31,98,9,9,41,67,65.5,4.78,3.16,0.8
9,53,88,4,5,59,35,54.5,7.51,6.66,1.8
6,17,61,6,9,89,44,89.5,6.69,3.63,1.2
2,32,73,7,10,41,41,70.5,2.18,1.33,0.4
10,42,96,9,9,56,54,73.0,11.4,7.8,2.0
3,48,73,8,9,68,25,79.0,3.18,2.0,0.6
9,42,98,8,9,81,56,85.5,9.81,7.11,1.8
10,62,97,4,4,75,35,57.5,7.9,7.85,2.0
4,57,68,5,7,59,11,64.5,3.46,2.56,0.8
5,64,72,5,6,90,8,75.0,4.15,3.3,1.0
6,30,79,6,4,49,49,44.5,6.3,4.17,1.2
10,26,85,10,7,89,59,79.5,12.7,7.25,2.0
2,58,88,9,9,71,30,80.5,2.12,1.48,0.4
3,62,99,9,5,87,37,68.5,3.12,2.38,0.6
9,25,62,4,6,81,37,70.5,8.78,5.49,1.8
8,40,90,5,8,51,50,65.5,7.6,6.0,1.6
6,36,87,10,7,76,51,73.0,7.32,4.41,1.2
4,49,63,8,9,55,14,72.5,4.22,2.46,0.8
9,32,94,8,10,72,62,86.0,10.26,6.93,1.8
4,75,99,9,4,42,24,41.0,3.9,3.18,0.8
7,74,75,5,6,75,1,67.5,5.46,4.73,1.4
4,61,61,3,7,67,0,68.5,2.98,2.42,0.8
4,34,71,5,5,50,37,50.0,3.92,2.62,0.8
7,56,72,4,5,86,16,68.0,5.74,4.62,1.4
10,46,97,5,7,50,51,60.0,9.2,7.85,2.0
3,74,99,5,8,40,25,60.0,2.34,2.38,0.6
9,43,63,6,4,41,20,40.5,8.87,5.54,1.8
4,68,89,4,3,66,21,48.0,3.04,2.98,0.8
2,23,82,4,9,66,59,78.0,1.97,1.42,0.4
5,63,66,9,3,42,3,36.0,5.17,3.15,1.0
6,13,100,10,9,85,87,87.5,8.01,4.8,1.2
8,30,79,9,4,64,49,52.0,9.6,5.56,1.6
7,65,65,3,8,63,0,71.5,5.08,4.38,1.4
7,65,94,6,8,49,29,64.5,6.12,5.39,1.4
6,68,63,6,7,84,-5,77.0,5.16,3.69,1.2
5,70,64,4,6,43,-6,51.5,3.75,3.1,1.0
8,40,86,6,5,86,46,68.0,8.0,5.84,1.6
3,24,99,10,3,85,75,57.5,3.84,2.38,0.6
8,60,76,10,3,87,16,58.5,8.8,5.44,1.6
5,56,77,9,8,49,21,64.5,5.35,3.43,1.0
8,47,70,10,9,61,23,75.5,9.32,5.2,1.6
9,73,97,5,4,81,24,60.5,7.07,7.06,1.8
2,19,61,9,7,50,42,60.0,2.51,1.21,0.4
3,79,86,10,6,73,7,66.5,3.01,2.19,0.6
4,79,92,8,3,65,13,47.5,3.62,3.04,0.8
3,33,94,9,3,82,61,56.0,3.56,2.31,0.6
7,44,84,3,3,44,40,37.0,5.81,5.04,1.4
2,29,85,5,5,51,56,50.5,2.01,1.45,0.4
10,39,100,5,9,49,61,69.5,9.55,8.0,2.0
7,45,71,9,4,83,26,61.5,7.88,4.58,1.4
5,11,93,6,10,64,82,82.0,5.72,3.83,1.0
3,47,74,3,6,79,27,69.5,2.45,2.01,0.6
8,33,66,3,7,86,33,78.0,7.08,5.04,1.6
9,56,78,5,10,48,22,74.0,7.83,6.21,1.8
3,11,93,5,9,62,82,76.0,3.29,2.29,0.6
9,72,85,9,10,59,13,79.5,8.91,6.52,1.8
5,74,96,7,3,63,22,46.5,4.4,3.9,1.0
6,63,86,7,5,72,23,61.0,5.61,4.38,1.2
9,46,90,10,8,89,44,84.5,10.53,6.75,1.8
5,21,71,8,4,80,50,60.0,5.98,3.28,1.0
5,25,97,7,8,83,72,81.5,5.62,3.92,1.0
2,43,100,3,5,53,57,51.5,1.67,1.6,0.4
7,55,88,9,4,73,33,56.5,7.52,5.18,1.4
2,24,95,3,5,82,71,66.0,1.86,1.55,0.4
5,63,64,9,8,58,1,69.0,5.17,3.1,1.0
4,78,99,9,8,65,21,72.5,3.84,3.18,0.8
2,43,89,4,8,61,46,70.5,1.77,1.49,0.4
8,24,70,8,9,74,46,82.0,9.44,5.2,1.6
4,17,64,3,7,83,47,76.5,3.86,2.48,0.8
2,65,65,5,5,70,0,60.0,1.65,1.25,0.4
3,20,62,3,9,50,42,70.0,2.85,1.83,0.6
3,78,91,10,4,88,13,64.0,3.03,2.27,0.6
8,49,61,8,9,45,12,67.5,8.44,4.84,1.6
10,30,96,4,4,59,66,49.5,9.5,7.8,2.0
7,69,94,3,10,73,25,86.5,4.94,5.39,1.4
8,24,95,4,6,70,71,65.0,7.84,6.2,1.6
4,10,94,9,4,79,84,59.5,5.2,3.08,0.8
10,24,65,7,9,78,41,84.0,11.3,6.25,2.0
8,16,71,7,4,72,55,56.0,9.36,5.24,1.6
10,19,83,4,3,81,64,55.5,10.05,7.15,2.0
8,33,62,5,7,62,29,66.0,7.88,4.88,1.6
7,75,78,6,8,74,3,77.0,5.77,4.83,1.4
6,48,77,10,3,84,29,57.0,6.96,4.11,1.2
3,58,65,8,10,77,7,88.5,3.03,1.88,0.6
2,74,100,10,3,44,26,37.0,2.06,1.6,0.4
5,66,63,10,3,90,-3,60.0,5.35,3.08,1.0
4,49,94,10,10,67,45,83.5,4.62,3.08,0.8
4,34,78,4,9,76,44,83.0,3.72,2.76,0.8
9,62,65,5,5,55,3,52.5,7.56,5.62,1.8
2,48,88,3,3,56,40,43.0,1.62,1.48,0.4
9,56,74,7,5,72,18,61.0,8.73,6.03,1.8
3,41,90,9,4,81,49,60.5,3.44,2.25,0.6
5,73,66,6,10,83,-7,91.5,4.17,3.15,1.0
7,68,83,5,3,58,15,44.0,5.67,5.0,1.4
2,24,76,6,7,63,52,66.5,2.16,1.36,0.4
2,25,77,4,6,69,52,64.5,1.95,1.37,0.4
5,60,60,7,5,68,0,59.0,4.75,3.0,1.0
4,58,80,6,9,81,22,85.5,3.64,2.8,0.8
9,22,96,9,7,77,74,73.5,11.16,7.02,1.8
2,80,91,9,8,42,11,61.0,1.9,1.51,0.4
3,45,80,5,7,73,35,71.5,2.78,2.1,0.6
9,58,100,4,5,50,42,50.0,7.29,7.2,1.8
6,24,72,4,8,48,48,64.0,5.88,3.96,1.2
10,45,72,7,7,55,27,62.5,10.25,6.6,2.0
5,12,98,4,7,73,86,71.5,5.2,3.95,1.0
10,15,68,10,5,62,53,56.0,13.25,6.4,2.0
2,44,82,3,6,77,38,68.5,1.66,1.42,0.4
5,34,61,3,9,47,27,68.5,4.4,3.02,1.0
8,60,85,9,8,66,25,73.0,8.4,5.8,1.6
10,29,96,5,4,81,67,60.5,10.05,7.8,2.0
6,46,69,8,10,80,23,90.0,6.42,3.87,1.2
10,35,100,3,7,68,65,69.0,8.75,8.0,2.0
10,47,72,3,9,48,25,69.0,8.15,6.6,2.0
5,55,61,4,6,83,6,71.5,4.12,3.02,1.0
9,30,77,5,8,56,47,68.0,9.0,6.17,1.8
2,26,62,6,4,83,36,61.5,2.14,1.22,0.4
2,79,84,9,10,56,5,78.0,1.91,1.44,0.4
5,15,79,6,10,42,64,71.0,5.62,3.48,1.0
4,55,96,7,3,79,41,54.5,3.9,3.12,0.8
9,25,63,5,10,59,38,79.5,9.22,5.54,1.8
8,17,97,7,9,41,80,65.5,9.32,6.28,1.6
3,13,65,5,6,58,52,59.0,3.25,1.88,0.6
7,64,81,8,6,52,17,56.0,6.86,4.94,1.4
3,63,96,8,8,78,33,79.0,2.96,2.34,0.6
9,71,73,5,4,62,2,51.0,7.16,5.99,1.8
4,33,60,5,3,52,27,41.0,3.94,2.4,0.8
2,43,71,3,7,84,28,77.0,1.67,1.31,0.4
3,50,64,9,7,61,14,65.5,3.3,1.86,0.6
3,44,90,10,10,74,46,87.0,3.54,2.25,0.6
2,44,92,8,10,87,48,93.5,2.16,1.52,0.4
10,64,65,7,5,82,1,66.0,9.3,6.25,2.0
5,38,98,4,5,83,60,66.5,4.55,3.95,1.0
10,80,65,3,9,88,-15,89.0,6.5,6.25,2.0
5,64,75,6,5,75,11,62.5,4.4,3.38,1.0
2,10,91,8,7,78,81,74.0,2.5,1.51,0.4
8,55,96,7,9,88,41,89.0,7.8,6.24,1.6
5,39,75,10,7,78,36,74.0,6.03,3.38,1.0
8,27,69,4,4,84,42,62.0,7.72,5.16,1.6
9,66,71,3,5,62,5,56.0,6.48,5.9,1.8
7,49,78,9,4,67,29,53.5,7.73,4.83,1.4
4,74,90,4,3,50,16,40.0,2.92,3.0,0.8
9,49,100,5,9,74,51,82.0,8.14,7.2,1.8
10,31,75,5,8,63,44,71.5,9.95,6.75,2.0
4,74,83,8,8,59,9,69.5,3.72,2.86,0.8
5,78,95,7,5,81,17,65.5,4.3,3.87,1.0
8,76,83,9,8,81,7,80.5,7.76,5.72,1.6
2,36,83,8,6,83,47,71.5,2.24,1.43,0.4
9,71,62,4,6,52,-9,56.0,6.71,5.49,1.8
9,69,96,9,4,58,27,49.0,9.05,7.02,1.8
4,40,80,5,9,81,40,85.5,3.8,2.8,0.8
8,59,99,5,7,82,40,76.0,6.84,6.36,1.6
4,56,67,5,7,89,11,79.5,3.48,2.54,0.8
4,16,67,8,9,77,51,83.5,4.88,2.54,0.8
5,15,73,9,3,60,58,45.0,6.38,3.33,1.0
4,54,97,6,8,41,43,60.5,3.72,3.14,0.8
3,73,91,6,4,68,18,54.0,2.5,2.27,0.6
7,22,97,8,9,59,75,74.5,8.33,5.49,1.4
4,38,77,4,8,58,39,69.0,3.64,2.74,0.8
6,64,90,6,8,90,26,85.0,5.28,4.5,1.2
7,52,77,5,10,41,25,70.5,6.23,4.79,1.4
8,75,61,8,8,83,-14,81.5,7.4,4.84,1.6
6,47,76,5,9,74,29,82.0,5.49,4.08,1.2
4,33,88,9,6,82,55,71.0,4.74,2.96,0.8
3,16,69,5,7,74,53,72.0,3.21,1.94,0.6
9,67,91,8,8,70,24,75.0,8.69,6.79,1.8
5,17,97,3,8,55,80,67.5,4.83,3.92,1.0
4,16,91,3,8,68,75,74.0,3.88,3.02,0.8
8,22,88,5,5,60,66,55.0,8.32,5.92,1.6
4,15,72,10,5,83,57,66.5,5.3,2.64,0.8
4,61,62,6,5,43,1,46.5,3.58,2.44,0.8
10,11,60,3,3,84,49,57.0,9.95,6.0,2.0
9,47,97,6,7,50,50,60.0,8.69,7.06,1.8
10,61,61,10,9,54,0,72.0,10.95,6.05,2.0
7,19,77,4,8,55,58,67.5,7.04,4.79,1.4
7,41,61,4,3,62,20,46.0,6.27,4.23,1.4
8,43,97,3,3,76,54,53.0,6.68,6.28,1.6
2,53,69,10,9,67,16,78.5,2.27,1.29,0.4
6,22,99,4,3,63,77,46.5,5.94,4.77,1.2
2,31,77,3,4,59,46,49.5,1.79,1.37,0.4
4,74,66,5,3,89,-8,59.5,3.12,2.52,0.8
7,73,75,3,5,82,2,66.0,4.79,4.73,1.4
3,64,88,3,4,50,24,45.0,2.19,2.22,0.6
9,37,70,3,9,76,33,83.0,7.79,5.85,1.8
4,70,71,5,9,44,1,67.0,3.2,2.62,0.8
8,50,88,8,10,81,38,90.5,8.4,5.92,1.6
5,51,73,6,5,42,22,46.0,4.73,3.33,1.0
8,29,64,7,9,62,35,76.0,8.84,4.96,1.6
5,58,60,7,5,88,2,69.0,4.8,3.0,1.0
8,50,79,4,3,70,29,50.0,6.8,5.56,1.6
7,25,75,5,5,53,50,51.5,7.17,4.73,1.4
7,14,78,9,10,85,64,92.5,8.96,4.83,1.4
9,37,62,10,8,58,25,69.0,10.94,5.49,1.8
7,21,92,4,6,78,71,69.0,6.97,5.32,1.4
6,24,61,8,9,84,37,87.0,7.08,3.63,1.2
3,74,91,5,6,42,17,51.0,2.34,2.27,0.6
2,21,88,8,10,70,67,85.0,2.39,1.48,0.4
3,41,65,6,5,74,24,62.0,2.99,1.88,0.6
2,50,93,7,10,56,43,78.0,2.0,1.53,0.4
6,34,87,9,10,53,53,76.5,7.08,4.41,1.2
10,65,88,9,8,55,23,67.5,10.25,7.4,2.0
8,26,78,8,10,64,52,82.0,9.36,5.52,1.6
5,65,82,8,5,45,17,47.5,4.88,3.55,1.0
10,11,79,3,8,46,68,63.0,9.95,6.95,2.0
8,37,73,10,3,86,36,58.0,9.72,5.32,1.6
7,70,81,4,10,74,11,87.0,5.25,4.94,1.4
2,76,92,4,4,71,16,55.5,1.44,1.52,0.4
2,46,60,7,3,50,14,40.0,2.04,1.2,0.4
5,47,78,6,4,48,31,44.0,4.83,3.45,1.0
6,23,78,8,7,67,55,68.5,7.11,4.14,1.2
10,56,95,7,9,63,39,76.5,9.7,7.75,2.0
2,74,62,8,4,63,-12,51.5,1.86,1.22,0.4
7,38,73,7,7,59,35,64.5,7.42,4.66,1.4
7,70,75,4,8,85,5,82.5,5.25,4.73,1.4
10,24,69,10,7,60,45,65.0,12.8,6.45,2.0
6,54,62,3,9,81,8,85.5,4.68,3.66,1.2
7,24,77,7,8,68,53,74.0,7.91,4.79,1.4
9,76,96,3,10,43,20,71.5,6.03,7.02,1.8
2,23,80,10,9,77,57,83.5,2.57,1.4,0.4
4,66,76,4,10,90,10,95.0,3.08,2.72,0.8
10,76,86,5,6,74,10,67.0,7.7,7.3,2.0
8,13,99,5,3,75,86,52.5,8.68,6.36,1.6
8,65,84,4,10,54,19,77.0,6.2,5.76,1.6
3,53,68,6,3,45,15,37.5,2.81,1.92,0.6
3,41,65,4,4,46,24,43.0,2.69,1.88,0.6
10,12,61,7,9,60,49,75.0,11.9,6.05,2.0
5,27,94,5,4,89,67,64.5,5.08,3.85,1.0
10,77,63,4,3,60,-14,45.0,7.15,6.15,2.0
3,38,86,8,3,74,48,52.0,3.33,2.19,0.6
4,79,69,4,6,77,-10,68.5,2.82,2.58,0.8
5,56,91,4,9,75,35,82.5,4.1,3.77,1.0
6,67,60,10,7,49,-7,59.5,6.39,3.6,1.2
2,71,67,3,9,42,-4,66.0,1.39,1.27,0.4
10,39,85,7,5,45,46,47.5,10.55,7.25,2.0
3,23,86,9,8,88,63,84.0,3.71,2.19,0.6
6,44,93,5,7,86,49,78.0,5.58,4.59,1.2
6,70,74,10,10,45,4,72.5,6.3,4.02,1.2
10,13,65,7,7,77,52,73.5,11.85,6.25,2.0
2,65,71,9,5,86,6,68.0,2.05,1.31,0.4
7,16,86,8,5,52,70,51.0,8.54,5.11,1.4
3,58,66,3,5,55,8,52.5,2.28,1.89,0.6
3,57,70,9,10,51,13,75.5,3.19,1.95,0.6
8,38,70,3,4,42,32,41.0,6.88,5.2,1.6
4,39,67,9,8,45,28,62.5,4.62,2.54,0.8
6,59,72,9,6,49,13,54.5,6.33,3.96,1.2
8,43,76,6,3,70,33,50.0,7.88,5.44,1.6
3,23,73,9,4,84,50,62.0,3.71,2.0,0.6
9,28,86,5,5,78,58,64.0,9.09,6.57,1.8
4,62,94,3,8,46,32,63.0,2.96,3.08,0.8
2,28,79,3,5,44,51,47.0,1.82,1.39,0.4
8,69,74,9,6,81,5,70.5,8.04,5.36,1.6
6,49,69,5,7,43,20,56.5,5.43,3.87,1.2
6,49,83,10,8,46,34,63.0,6.93,4.29,1.2
5,73,94,6,3,87,21,58.5,4.17,3.85,1.0
4,80,71,9,4,83,-9,61.5,3.8,2.62,0.8
3,23,82,5,5,74,59,62.0,3.11,2.13,0.6
7,71,63,3,6,82,-8,71.0,4.87,4.3,1.4
8,46,100,7,4,55,54,47.5,8.16,6.4,1.6
8,65,91,6,4,55,26,47.5,7.0,6.04,1.6
2,75,85,9,3,61,10,45.5,1.95,1.45,0.4
9,63,64,6,9,64,1,77.0,7.96,5.58,1.8
8,45,69,8,8,85,24,82.5,8.6,5.16,1.6
7,47,89,9,4,53,42,46.5,7.8,5.21,1.4
5,14,61,9,4,47,47,43.5,6.4,3.02,1.0
3,56,83,6,6,56,27,58.0,2.76,2.15,0.6
6,62,69,7,5,61,7,55.5,5.64,3.87,1.2
3,77,88,5,6,41,11,50.5,2.29,2.22,0.6
7,52,66,8,10,49,14,74.5,7.28,4.41,1.4
3,33,79,7,10,67,46,83.5,3.25,2.08,0.6
8,63,86,6,7,85,23,77.5,7.08,5.84,1.6
6,49,93,10,10,76,44,88.0,6.93,4.59,1.2
10,18,75,6,7,40,57,55.0,11.1,6.75,2.0
5,46,73,8,7,87,27,78.5,5.35,3.33,1.0
2,77,68,10,3,55,-9,42.5,2.03,1.28,0.4
10,48,81,9,4,55,33,47.5,11.1,7.05,2.0
3,69,77,8,7,74,8,72.0,2.87,2.06,0.6
8,74,98,4,10,85,24,92.5,5.84,6.32,1.6
3,11,97,8,10,43,86,71.5,3.74,2.35,0.6
6,47,66,3,3,66,19,48.0,4.89,3.78,1.2
5,64,76,6,3,46,12,38.0,4.4,3.4,1.0
3,35,87,5,10,72,52,86.0,2.93,2.21,0.6
9,78,63,7,6,63,-15,61.5,7.74,5.54,1.8
5,65,100,3,4,41,35,40.5,3.62,4.0,1.0
3,46,83,7,9,76,37,83.0,3.06,2.15,0.6
2,74,79,7,3,89,5,59.5,1.76,1.39,0.4
3,78,71,9,8,68,-7,74.0,2.88,1.97,0.6
4,10,72,5,4,84,62,62.0,4.4,2.64,0.8
5,42,98,10,9,81,56,85.5,5.95,3.95,1.0
10,38,78,4,8,79,40,79.5,9.1,6.9,2.0
7,13,95,8,4,86,82,63.0,8.64,5.42,1.4
9,45,73,5,3,77,28,53.5,8.33,5.99,1.8
10,55,73,6,4,52,18,46.0,9.25,6.65,2.0
4,49,81,4,8,74,32,77.0,3.42,2.82,0.8
4,62,93,5,5,62,31,56.0,3.36,3.06,0.8
4,36,89,3,8,55,53,67.5,3.48,2.98,0.8
8,50,64,4,8,48,14,64.0,6.8,4.96,1.6
2,18,89,10,5,49,71,49.5,2.62,1.49,0.4
3,74,87,4,7,79,13,74.5,2.19,2.21,0.6
8,39,89,9,5,55,50,52.5,9.24,5.96,1.6
9,33,83,5,9,77,50,83.5,8.87,6.43,1.8
3,37,100,6,4,68,63,54.0,3.05,2.4,0.6
2,42,78,10,6,77,36,68.5,2.38,1.38,0.4
9,55,95,7,4,79,40,59.5,8.78,6.97,1.8
10,18,63,4,5,42,45,46.0,10.1,6.15,2.0
10,46,77,3,5,83,31,66.5,8.2,6.85,2.0
6,63,99,7,3,76,36,53.0,5.61,4.77,1.2
10,16,63,6,9,42,47,66.0,11.2,6.15,2.0
5,12,77,10,5,57,65,53.5,6.7,3.43,1.0
7,15,65,5,9,84,50,87.0,7.52,4.38,1.4
9,63,86,4,4,70,23,55.0,7.06,6.57,1.8
6,29,91,8,9,44,62,67.0,6.93,4.53,1.2
5,54,75,9,9,71,21,80.5,5.4,3.38,1.0
7,23,69,6,10,65,46,82.5,7.59,4.52,1.4
6,49,69,5,5,86,20,68.0,5.43,3.87,1.2
3,38,81,5,5,88,43,69.0,2.88,2.12,0.6
4,48,95,6,7,58,47,64.0,3.84,3.1,0.8
8,24,69,5,8,52,45,66.0,8.24,5.16,1.6
7,30,89,7,9,44,59,67.0,7.7,5.21,1.4
6,13,84,8,10,68,71,84.0,7.41,4.32,1.2
9,65,97,6,7,77,32,73.5,7.88,7.06,1.8
9,33,94,8,10,55,61,77.5,10.22,6.93,1.8
9,59,70,9,5,80,11,65.0,9.49,5.85,1.8
10,76,60,3,7,79,-16,74.5,6.7,6.0,2.0
2,31,83,5,3,87,52,58.5,1.99,1.43,0.4
8,23,77,5,4,48,54,44.0,8.28,5.48,1.6
2,23,100,10,6,77,77,68.5,2.57,1.6,0.4
8,68,100,5,4,56,32,48.0,6.48,6.4,1.6
9,60,92,3,7,49,32,59.5,6.75,6.84,1.8
4,66,73,4,9,55,7,72.5,3.08,2.66,0.8
8,59,71,9,6,80,12,70.0,8.44,5.24,1.6
4,67,66,5,10,73,-1,86.5,3.26,2.52,0.8
8,80,66,8,4,72,-14,56.0,7.2,5.04,1.6
8,79,100,8,9,62,21,76.0,7.24,6.4,1.6
7,26,92,5,5,84,66,67.0,7.14,5.32,1.4
8,16,88,4,7,61,72,65.5,8.16,5.92,1.6
4,39,94,3,7,41,55,55.5,3.42,3.08,0.8
7,56,89,8,3,40,33,35.0,7.14,5.21,1.4
2,77,95,5,6,66,18,63.0,1.53,1.55,0.4
9,34,70,5,6,87,36,73.5,8.82,5.85,1.8
7,28,78,4,8,78,50,79.0,6.72,4.83,1.4
5,79,64,9,6,69,-15,64.5,4.78,3.1,1.0
2,20,75,6,8,44,55,62.0,2.2,1.35,0.4
6,42,77,7,9,72,35,81.0,6.24,4.11,1.2
9,66,83,6,5,84,17,67.0,7.83,6.43,1.8
8,59,80,10,10,50,21,75.0,8.84,5.6,1.6
8,35,90,5,6,66,55,63.0,7.8,6.0,1.6
4,25,71,5,7,50,46,60.0,4.1,2.62,0.8
5,44,74,3,8,42,30,61.0,4.15,3.35,1.0
8,55,97,3,9,68,42,79.0,6.2,6.28,1.6
8,38,68,7,3,67,30,48.5,8.48,5.12,1.6
4,67,88,4,9,65,21,77.5,3.06,2.96,0.8
7,71,84,5,5,50,13,50.0,5.57,5.04,1.4
7,64,87,3,10,72,23,86.0,5.11,5.14,1.4
2,16,72,5,5,50,56,50.0,2.14,1.32,0.4
9,53,62,9,9,40,9,65.0,9.77,5.49,1.8
6,18,86,10,8,40,68,60.0,7.86,4.38,1.2
7,53,99,4,10,76,46,88.0,5.84,5.56,1.4
2,52,80,7,5,59,28,54.5,1.98,1.4,0.4
4,68,83,4,10,62,15,81.0,3.04,2.86,0.8
2,50,62,8,8,64,12,72.0,2.1,1.22,0.4
5,56,95,3,10,48,39,74.0,3.85,3.87,1.0
10,15,61,7,5,75,46,62.5,11.75,6.05,2.0
3,78,95,5,8,81,17,80.5,2.28,2.32,0.6
8,60,82,6,3,44,22,37.0,7.2,5.68,1.6
10,76,78,8,4,51,2,45.5,9.2,6.9,2.0
6,30,79,5,4,80,49,60.0,6.0,4.17,1.2
4,44,88,9,4,75,44,57.5,4.52,2.96,0.8
4,72,78,3,8,86,6,83.0,2.76,2.76,0.8
3,57,95,5,9,90,38,90.0,2.59,2.32,0.6
6,21,81,10,10,73,60,86.5,7.77,4.23,1.2
2,44,63,4,7,66,19,68.0,1.76,1.23,0.4
9,22,81,8,5,88,59,69.0,10.71,6.35,1.8
8,25,63,4,4,62,38,51.0,7.8,4.92,1.6
8,22,99,5,9,45,77,67.5,8.32,6.36,1.6
8,36,80,5,7,61,44,65.5,7.76,5.6,1.6
5,37,100,8,6,67,63,63.5,5.58,4.0,1.0
6,20,62,10,5,86,42,68.0,7.8,3.66,1.2
3,29,65,6,10,44,36,72.0,3.17,1.88,0.6
3,24,76,6,9,73,52,81.5,3.24,2.04,0.6
8,50,65,6,6,58,15,59.0,7.6,5.0,1.6
10,37,84,10,5,84,47,67.0,12.15,7.2,2.0
2,13,83,5,8,70,70,75.0,2.17,1.43,0.4
8,34,83,4,5,78,49,64.0,7.44,5.72,1.6
9,43,85,10,7,74,42,72.0,10.67,6.52,1.8
4,65,98,7,10,60,33,80.0,3.7,3.16,0.8
6,51,85,8,8,46,34,63.0,6.27,4.35,1.2
2,45,97,5,3,40,52,35.0,1.85,1.57,0.4
10,12,86,10,6,65,74,62.5,13.4,7.3,2.0
9,61,81,3,8,86,20,83.0,6.71,6.35,1.8
8,66,85,5,5,42,19,46.0,6.56,5.8,1.6
10,12,64,9,9,44,52,67.0,12.9,6.2,2.0
5,67,64,7,10,74,-3,87.0,4.58,3.1,1.0
2,57,74,8,9,40,17,65.0,2.03,1.34,0.4
9,69,98,3,8,70,29,75.0,6.35,7.11,1.8
7,53,94,10,5,59,41,54.5,7.95,5.39,1.4
4,48,90,8,4,82,42,61.0,4.24,3.0,0.8
5,80,65,8,9,55,-15,72.5,4.5,3.12,1.0
8,27,71,6,10,70,44,85.0,8.52,5.24,1.6
10,49,80,4,4,41,31,40.5,8.55,7.0,2.0
2,17,100,4,7,71,83,70.5,2.03,1.6,0.4
8,64,92,3,6,89,28,74.5,5.84,6.08,1.6
4,23,73,5,9,61,50,75.5,4.14,2.66,0.8
2,25,87,8,5,43,62,46.5,2.35,1.47,0.4
9,39,80,6,8,44,41,62.0,9.05,6.3,1.8
8,71,92,10,8,62,21,71.0,8.36,6.08,1.6
4,28,68,10,4,90,40,65.0,5.04,2.56,0.8
2,12,85,3,7,73,73,71.5,1.98,1.45,0.4
9,78,96,3,6,83,18,71.5,5.94,7.02,1.8
10,21,78,9,4,86,57,63.0,12.45,6.9,2.0
5,72,85,7,8,55,13,67.5,4.45,3.62,1.0
6,69,76,5,7,82,7,76.0,4.83,4.08,1.2
3,65,88,10,6,77,23,68.5,3.22,2.22,0.6
7,62,89,8,5,66,27,58.0,6.93,5.21,1.4
8,21,75,8,4,51,54,45.5,9.56,5.4,1.6
4,79,76,4,4,79,-3,59.5,2.82,2.72,0.8
8,46,67,10,9,72,21,81.0,9.36,5.08,1.6
6,35,89,4,8,47,54,63.5,5.55,4.47,1.2
10,59,89,6,6,52,30,56.0,9.05,7.45,2.0
10,59,92,6,4,77,33,58.5,9.05,7.6,2.0
9,54,71,10,6,40,17,50.0,10.17,5.9,1.8
5,37,100,10,5,90,63,70.0,6.08,4.0,1.0
5,25,93,4,7,90,68,80.0,4.88,3.83,1.0
8,43,99,3,3,73,56,51.5,6.68,6.36,1.6
4,62,74,8,4,45,12,42.5,3.96,2.68,0.8
10,22,100,5,9,55,78,72.5,10.4,8.0,2.0
5,79,79,4,8,79,0,79.5,3.53,3.48,1.0
8,19,87,3,9,86,68,88.0,7.64,5.88,1.6
10,15,87,4,4,82,72,61.0,10.25,7.35,2.0
5,62,63,6,5,46,1,48.0,4.45,3.08,1.0
6,68,90,6,6,53,22,56.5,5.16,4.5,1.2
10,30,63,4,7,77,33,73.5,9.5,6.15,2.0
9,24,90,4,6,49,66,54.5,8.82,6.75,1.8
3,64,62,6,6,61,-2,60.5,2.64,1.83,0.6
8,42,86,3,10,79,44,89.5,6.72,5.84,1.6
2,21,63,3,3,81,42,55.5,1.89,1.23,0.4
3,66,70,6,10,58,4,79.0,2.61,1.95,0.6
10,21,60,6,6,55,39,57.5,10.95,6.0,2.0
6,75,76,3,5,76,1,63.0,4.05,4.08,1.2
5,21,87,9,10,66,66,83.0,6.23,3.67,1.0
3,61,83,5,7,62,22,66.0,2.54,2.15,0.6
6,47,91,10,5,84,44,67.0,6.99,4.53,1.2
3,31,84,7,9,63,53,76.5,3.29,2.16,0.6
4,53,77,7,9,67,24,78.5,3.94,2.74,0.8
6,68,87,4,6,50,19,55.0,4.56,4.41,1.2
8,48,67,6,3,44,19,37.0,7.68,5.08,1.6
9,13,98,5,4,67,85,53.5,9.77,7.11,1.8
2,31,68,3,10,64,37,82.0,1.79,1.28,0.4
10,18,93,10,3,88,75,59.0,13.1,7.65,2.0
7,49,62,6,4,83,13,61.5,6.69,4.27,1.4
9,65,89,10,10,55,24,77.5,9.67,6.71,1.8
2,78,82,10,7,54,4,62.0,2.02,1.42,0.4
5,50,94,4,6,40,44,50.0,4.25,3.85,1.0
4,56,74,9,10,47,18,73.5,4.28,2.68,0.8
5,62,73,6,8,62,11,71.0,4.45,3.33,1.0
7,40,83,3,5,47,43,48.5,5.95,5.0,1.4
2,24,95,10,6,85,71,72.5,2.56,1.55,0.4
10,70,93,6,7,68,23,69.0,8.5,7.65,2.0
3,28,100,10,5,41,72,45.5,3.78,2.4,0.6
5,72,62,7,7,74,-10,72.0,4.45,3.05,1.0
2,78,66,4,7,41,-12,55.5,1.42,1.26,0.4
10,15,69,4,9,44,54,67.0,10.25,6.45,2.0
5,71,100,4,10,83,29,91.5,3.73,4.0,1.0
4,48,92,7,6,45,44,52.5,4.04,3.04,0.8
3,71,64,4,4,79,-7,59.5,2.24,1.86,0.6
5,37,68,4,3,80,31,55.0,4.58,3.2,1.0
8,58,76,10,4,46,18,43.0,8.88,5.44,1.6
3,75,78,3,10,54,3,77.0,2.03,2.07,0.6
9,63,66,10,5,54,3,52.0,9.77,5.67,1.8
9,79,68,7,3,81,-11,55.5,7.7,5.76,1.8
6,49,95,9,7,61,46,65.5,6.63,4.65,1.2
9,67,91,6,9,59,24,74.5,7.79,6.79,1.8
10,36,92,7,5,70,56,60.0,10.7,7.6,2.0
4,49,87,6,8,60,38,70.0,3.82,2.94,0.8
10,61,95,7,7,49,34,59.5,9.45,7.75,2.0
2,44,66,6,10,78,22,89.0,1.96,1.26,0.4
6,17,96,10,7,66,79,68.0,7.89,4.68,1.2
9,79,99,7,7,56,20,63.0,7.7,7.15,1.8
3,18,69,7,10,46,51,73.0,3.48,1.94,0.6
7,14,98,5,5,81,84,65.5,7.56,5.53,1.4
3,23,92,5,3,87,69,58.5,3.11,2.28,0.6
2,48,62,6,7,41,14,55.5,1.92,1.22,0.4
2,67,60,8,10,82,-7,91.0,1.93,1.2,0.4
6,49,73,7,5,74,24,62.0,6.03,3.99,1.2
7,40,98,9,6,77,58,68.5,8.05,5.53,1.4
6,57,75,4,9,87,18,88.5,4.89,4.05,1.2
10,71,98,5,3,42,27,36.0,7.95,7.9,2.0
6,52,89,10,9,63,37,76.5,6.84,4.47,1.2
5,31,70,8,5,66,39,58.0,5.72,3.25,1.0
9,64,82,8,9,44,18,67.0,8.82,6.39,1.8
8,63,61,9,5,88,-2,69.0,8.28,4.84,1.6
9,13,70,5,3,65,57,47.5,9.77,5.85,1.8
6,48,98,3,10,73,50,86.5,4.86,4.74,1.2
4,29,82,3,6,67,53,63.5,3.62,2.84,0.8
10,64,91,8,4,48,27,44.0,9.8,7.55,2.0
6,67,66,8,4,46,-1,43.0,5.79,3.78,1.2
7,32,97,3,4,77,65,58.5,6.23,5.49,1.4
4,29,95,5,10,86,66,93.0,4.02,3.1,0.8
10,16,71,4,6,50,55,55.0,10.2,6.55,2.0
9,59,62,10,6,84,3,72.0,9.95,5.49,1.8
3,69,78,8,4,84,9,62.0,2.87,2.07,0.6
2,38,83,4,5,65,45,57.5,1.82,1.43,0.4
6,39,82,5,10,75,43,87.5,5.73,4.26,1.2
8,58,67,4,10,67,9,83.5,6.48,5.08,1.6
2,76,67,6,4,66,-9,53.0,1.64,1.27,0.4
9,13,63,6,7,46,50,58.0,10.21,5.54,1.8
2,77,65,3,6,56,-12,58.0,1.33,1.25,0.4
8,46,95,4,9,59,49,74.5,6.96,6.2,1.6
8,43,93,3,6,43,50,51.5,6.68,6.12,1.6
2,63,77,10,3,64,14,47.0,2.17,1.37,0.4
7,68,65,6,9,53,-3,71.5,6.02,4.38,1.4
4,35,61,9,6,67,26,63.5,4.7,2.42,0.8
5,19,98,6,9,76,79,83.0,5.53,3.95,1.0
7,43,84,5,3,40,41,35.0,6.54,5.04,1.4
7,53,92,8,9,42,39,66.0,7.25,5.32,1.4
6,45,67,9,4,47,22,43.5,6.75,3.81,1.2
2,74,78,3,4,62,4,51.0,1.36,1.38,0.4
2,46,99,6,8,48,53,64.0,1.94,1.59,0.4
2,52,92,10,8,70,40,75.0,2.28,1.52,0.4
10,53,83,7,6,59,30,59.5,9.85,7.15,2.0
4,23,63,6,10,84,40,92.0,4.34,2.46,0.8
2,31,83,6,8,42,52,61.0,2.09,1.43,0.4
7,38,92,3,10,55,54,77.5,6.02,5.32,1.4
10,27,93,9,4,65,66,52.5,12.15,7.65,2.0
10,23,100,9,8,76,77,78.0,12.35,8.0,2.0
5,66,70,8,7,64,4,67.0,4.85,3.25,1.0
6,52,70,3,5,50,18,50.0,4.74,3.9,1.2
7,73,67,9,10,71,-6,85.5,6.9,4.45,1.4
4,57,100,5,10,79,43,89.5,3.46,3.2,0.8
4,28,82,9,3,75,54,52.5,4.84,2.84,0.8
10,70,68,9,7,61,-2,65.5,10.0,6.4,2.0
9,25,88,4,10,80,63,90.0,8.78,6.66,1.8
4,15,96,10,5,41,81,45.5,5.3,3.12,0.8
2,19,78,4,3,74,59,52.0,2.01,1.38,0.4
2,39,62,7,4,78,23,59.0,2.11,1.22,0.4
4,65,73,5,6,81,8,70.5,3.3,2.66,0.8
5,36,73,6,6,64,37,62.0,5.1,3.33,1.0
3,65,69,8,8,59,4,69.5,2.92,1.94,0.6
10,77,66,10,6,66,-11,63.0,10.15,6.3,2.0
10,71,92,6,10,63,21,81.5,8.45,7.6,2.0
5,25,83,8,9,53,58,71.5,5.88,3.57,1.0
7,75,62,6,10,62,-13,81.0,5.77,4.27,1.4
7,57,93,5,9,47,36,68.5,6.05,5.36,1.4
5,49,62,9,6,86,13,73.0,5.53,3.05,1.0
3,56,79,4,4,71,23,55.5,2.46,2.08,0.6
3,35,74,6,6,58,39,59.0,3.08,2.01,0.6
2,43,71,9,6,44,28,52.0,2.27,1.31,0.4
7,48,81,5,6,61,33,60.5,6.37,4.94,1.4
10,31,69,8,8,40,38,60.0,11.45,6.45,2.0
5,45,95,7,7,76,50,73.0,5.12,3.87,1.0
7,45,86,6,6,76,41,68.0,6.83,5.11,1.4
8,49,90,7,10,57,41,78.5,8.04,6.0,1.6
6,36,62,9,8,65,26,72.5,7.02,3.66,1.2
6,15,98,9,4,55,83,47.5,7.65,4.74,1.2
4,61,87,9,10,54,26,77.0,4.18,2.94,0.8
6,68,66,10,3,82,-2,56.0,6.36,3.78,1.2
2,11,91,10,4,71,80,55.5,2.69,1.51,0.4
10,48,74,4,7,79,26,74.5,8.6,6.7,2.0
5,39,90,4,3,52,51,41.0,4.53,3.75,1.0
8,31,77,4,7,70,46,70.0,7.56,5.48,1.6
10,59,73,10,7,83,14,76.5,11.05,6.65,2.0
8,39,90,6,9,88,51,89.0,8.04,6.0,1.6
7,59,89,6,4,87,30,63.5,6.33,5.21,1.4
4,16,93,3,3,90,77,60.0,3.88,3.06,0.8
8,65,99,9,4,87,34,63.5,8.2,6.36,1.6
3,62,98,9,5,82,36,66.0,3.12,2.37,0.6
8,63,65,9,4,69,2,54.5,8.28,5.0,1.6
6,21,65,5,4,88,44,64.0,6.27,3.75,1.2
5,56,86,4,5,73,30,61.5,4.1,3.65,1.0
3,19,86,5,6,82,67,71.0,3.17,2.19,0.6
7,56,83,8,4,77,27,58.5,7.14,5.0,1.4
5,49,73,8,4,54,24,47.0,5.28,3.33,1.0
3,63,60,9,10,85,-3,92.5,3.1,1.8,0.6
8,21,67,3,6,75,46,67.5,7.56,5.08,1.6
8,52,79,10,10,88,27,94.0,9.12,5.56,1.6
2,36,91,6,10,88,55,94.0,2.04,1.51,0.4
3,52,62,3,6,83,10,71.5,2.37,1.83,0.6
2,27,72,4,7,75,45,72.5,1.93,1.32,0.4
4,43,100,8,5,54,57,52.0,4.34,3.2,0.8
6,14,67,9,4,51,53,45.5,7.68,3.81,1.2
6,26,73,10,7,76,47,73.0,7.62,3.99,1.2
6,32,71,10,3,48,39,39.0,7.44,3.93,1.2
6,43,81,6,9,42,38,66.0,5.91,4.23,1.2
8,71,94,6,7,70,23,70.0,6.76,6.16,1.6
4,18,60,6,8,64,42,72.0,4.44,2.4,0.8
10,43,91,4,4,64,48,52.0,8.85,7.55,2.0
6,58,62,3,4,52,4,46.0,4.56,3.66,1.2
2,23,81,7,4,81,58,60.5,2.27,1.41,0.4
9,52,93,4,9,46,41,68.0,7.56,6.88,1.8
8,10,63,6,10,79,53,89.5,9.2,4.92,1.6
2,72,98,5,8,59,26,69.5,1.58,1.58,0.4
10,80,94,6,6,45,14,52.5,8.0,7.7,2.0
3,33,88,4,7,60,55,65.0,2.81,2.22,0.6
7,34,95,5,7,42,61,56.0,6.86,5.42,1.4
6,68,67,10,6,88,-1,74.0,6.36,3.81,1.2
5,65,68,4,7,54,3,62.0,3.87,3.2,1.0
5,66,82,7,3,41,16,35.5,4.6,3.55,1.0
2,41,80,10,5,40,39,45.0,2.39,1.4,0.4
10,74,81,10,10,61,7,80.5,10.3,7.05,2.0
6,49,65,10,7,79,16,74.5,6.93,3.75,1.2
9,32,97,3,9,80,65,85.0,8.01,7.06,1.8
4,68,94,9,8,60,26,70.0,4.04,3.08,0.8
8,64,79,9,5,70,15,60.0,8.24,5.56,1.6
2,40,80,10,8,63,40,71.5,2.4,1.4,0.4
8,45,60,7,7,68,15,69.0,8.2,4.8,1.6
7,60,76,4,7,87,16,78.5,5.6,4.76,1.4
9,73,77,4,9,71,4,80.5,6.62,6.17,1.8
10,52,93,8,5,74,41,62.0,10.4,7.65,2.0
4,47,76,9,5,86,29,68.0,4.46,2.72,0.8
5,10,90,4,10,88,80,94.0,5.25,3.75,1.0
5,26,65,7,4,43,39,41.5,5.6,3.12,1.0
5,72,80,9,6,64,8,62.0,4.95,3.5,1.0
8,17,78,8,9,68,61,79.0,9.72,5.52,1.6
9,27,87,5,8,88,60,84.0,9.14,6.62,1.8
4,16,78,10,4,45,62,42.5,5.28,2.76,0.8
4,34,66,8,5,76,32,63.0,4.52,2.52,0.8
3,62,78,9,5,53,16,51.5,3.12,2.07,0.6
5,62,66,5,7,77,4,73.5,4.2,3.15,1.0
5,35,91,6,7,54,56,62.0,5.13,3.77,1.0
4,61,99,5,6,42,38,51.0,3.38,3.18,0.8
6,77,75,5,8,67,-2,73.5,4.59,4.05,1.2
4,28,79,9,4,40,51,40.0,4.84,2.78,0.8
4,50,80,8,5,47,30,48.5,4.2,2.8,0.8
2,11,64,9,5,88,53,69.0,2.59,1.24,0.4
10,35,83,3,8,82,48,81.0,8.75,7.15,2.0
7,74,94,7,7,69,20,69.5,6.16,5.39,1.4
4,59,77,4,8,53,18,66.5,3.22,2.74,0.8
10,77,85,4,9,84,8,87.0,7.15,7.25,2.0
2,78,86,4,9,47,8,68.5,1.42,1.46,0.4
10,52,71,8,3,66,19,48.0,10.4,6.55,2.0
9,78,80,10,6,48,2,54.0,9.09,6.3,1.8
5,65,71,5,6,75,6,67.5,4.12,3.28,1.0
8,71,85,8,3,90,14,60.0,7.56,5.8,1.6
5,80,78,7,3,86,-2,58.0,4.25,3.45,1.0
10,77,88,3,7,62,11,66.0,6.65,7.4,2.0
2,37,95,4,4,60,58,50.0,1.83,1.55,0.4
6,78,85,4,3,65,7,47.5,4.26,4.35,1.2
3,51,62,6,4,81,11,60.5,2.83,1.83,0.6
6,10,70,8,4,59,60,49.5,7.5,3.9,1.2
8,42,61,6,8,82,19,81.0,7.92,4.84,1.6
2,67,90,3,7,87,23,78.5,1.43,1.5,0.4
4,74,83,9,8,65,9,72.5,3.92,2.86,0.8
3,41,76,6,6,77,35,68.5,2.99,2.04,0.6
4,14,96,10,7,45,82,57.5,5.32,3.12,0.8
5,79,88,8,7,55,9,62.5,4.53,3.7,1.0
10,11,89,3,7,74,78,72.0,9.95,7.45,2.0
3,56,91,7,10,74,35,87.0,2.91,2.27,0.6
6,77,80,6,9,85,3,87.5,4.89,4.2,1.2
5,64,81,4,9,45,17,67.5,3.9,3.53,1.0
9,16,61,6,4,45,45,42.5,10.08,5.45,1.8
6,45,70,7,8,84,25,82.0,6.15,3.9,1.2
3,66,86,9,10,59,20,79.5,3.06,2.19,0.6
3,50,89,9,4,78,39,59.0,3.3,2.23,0.6
8,66,68,4,3,87,2,58.5,6.16,5.12,1.6
7,34,76,8,4,40,42,40.0,7.91,4.76,1.4
6,70,71,8,4,59,1,49.5,5.7,3.93,1.2
9,20,84,10,8,86,64,83.0,11.7,6.48,1.8
9,36,70,5,10,52,34,76.0,8.73,5.85,1.8
10,62,92,6,7,75,30,72.5,8.9,7.6,2.0
5,44,86,9,8,67,42,73.5,5.65,3.65,1.0
2,78,84,5,9,61,6,75.5,1.52,1.44,0.4
5,47,72,7,3,61,25,45.5,5.08,3.3,1.0
10,31,86,9,10,79,55,89.5,11.95,7.3,2.0
4,71,77,6,3,42,6,36.0,3.38,2.74,0.8
7,56,94,10,8,81,38,80.5,7.84,5.39,1.4
6,31,74,6,7,87,43,78.5,6.27,4.02,1.2
5,78,67,3,5,78,-11,64.0,3.3,3.17,1.0
2,14,61,8,6,83,47,71.5,2.46,1.21,0.4
8,63,99,8,8,86,36,83.0,7.88,6.36,1.6
9,10,86,4,9,48,76,69.0,9.45,6.57,1.8
10,35,96,5,8,40,61,60.0,9.75,7.8,2.0
8,80,89,8,6,87,9,73.5,7.2,5.96,1.6
8,54,80,4,10,80,26,90.0,6.64,5.6,1.6
3,75,76,4,6,68,1,64.0,2.18,2.04,0.6
2,32,88,3,7,52,56,61.0,1.78,1.48,0.4
4,68,100,9,9,80,32,85.0,4.04,3.2,0.8
2,37,65,6,6,60,28,60.0,2.03,1.25,0.4
5,49,75,9,7,67,26,68.5,5.53,3.38,1.0
3,40,98,7,3,51,58,40.5,3.15,2.37,0.6
3,79,70,5,5,40,-9,45.0,2.27,1.95,0.6
8,44,71,3,3,40,27,35.0,6.64,5.24,1.6
7,19,97,4,10,58,78,79.0,7.04,5.49,1.4
9,80,64,10,7,77,-16,73.5,9.0,5.58,1.8
9,20,82,4,7,62,62,66.0,9.0,6.39,1.8
4,52,60,6,3,67,8,48.5,3.76,2.4,0.8
9,56,86,5,10,59,30,79.5,7.83,6.57,1.8
4,15,71,7,10,49,56,74.5,4.7,2.62,0.8
6,18,100,9,10,65,82,82.5,7.56,4.8,1.2
5,78,66,6,6,69,-12,64.5,4.05,3.15,1.0
9,36,96,7,4,47,60,43.5,9.63,7.02,1.8
10,26,66,7,9,47,40,68.5,11.2,6.3,2.0
3,11,77,8,9,65,66,77.5,3.74,2.06,0.6
6,47,66,10,7,42,19,56.0,6.99,3.78,1.2
7,29,84,6,9,57,55,73.5,7.38,5.04,1.4
5,41,94,10,9,83,53,86.5,5.98,3.85,1.0
4,76,68,8,8,66,-8,73.0,3.68,2.56,0.8
6,73,95,9,8,66,22,73.0,5.91,4.65,1.2
4,52,99,9,7,51,47,60.5,4.36,3.18,0.8
9,39,100,8,10,48,61,74.0,9.95,7.2,1.8
8,77,95,3,4,80,18,60.0,5.32,6.2,1.6
8,51,79,9,5,44,28,47.0,8.76,5.56,1.6
7,35,100,10,5,72,65,61.0,8.58,5.6,1.4
7,77,92,5,6,88,15,74.0,5.36,5.32,1.4
6,24,69,8,9,48,45,69.0,7.08,3.87,1.2
6,68,80,7,4,80,12,60.0,5.46,4.2,1.2
5,51,86,4,7,68,35,69.0,4.22,3.65,1.0
5,34,97,10,3,67,63,48.5,6.15,3.92,1.0
6,49,72,10,4,78,23,59.0,6.93,3.96,1.2
3,60,89,7,4,43,29,41.5,2.85,2.23,0.6
9,60,98,4,7,57,38,63.5,7.2,7.11,1.8
2,23,72,4,10,77,49,88.5,1.97,1.32,0.4
10,73,73,9,6,49,0,54.5,9.85,6.65,2.0
9,26,87,4,7,57,61,63.5,8.73,6.62,1.8
9,58,88,8,5,43,30,46.5,9.09,6.66,1.8
10,63,79,4,9,80,16,85.0,7.85,6.95,2.0
10,28,73,5,5,61,45,55.5,10.1,6.65,2.0
6,26,69,5,5,53,43,51.5,6.12,3.87,1.2
10,55,96,8,7,43,41,56.5,10.25,7.8,2.0
9,50,99,5,8,63,49,71.5,8.1,7.15,1.8
7,13,72,7,10,87,59,93.5,8.29,4.62,1.4
9,61,95,4,3,85,34,57.5,7.15,6.97,1.8
6,14,98,4,10,58,84,79.0,6.18,4.74,1.2
3,65,88,3,4,49,23,44.5,2.17,2.22,0.6
10,39,81,10,4,73,42,56.5,12.05,7.05,2.0
9,40,94,10,6,54,54,57.0,10.8,6.93,1.8
10,30,83,9,8,45,53,62.5,12.0,7.15,2.0
4,49,90,6,10,54,41,77.0,3.82,3.0,0.8
9,57,81,5,5,78,24,64.0,7.79,6.35,1.8
4,63,88,7,3,54,25,42.0,3.74,2.96,0.8
8,15,73,4,9,58,58,74.0,8.2,5.32,1.6
6,30,97,6,8,64,67,72.0,6.3,4.71,1.2
10,80,99,3,6,55,19,57.5,6.5,7.95,2.0
8,49,69,7,10,85,20,92.5,8.04,5.16,1.6
10,61,100,9,4,58,39,49.0,10.45,8.0,2.0
2,67,97,7,6,82,30,71.0,1.83,1.57,0.4
2,78,71,6,8,42,-7,61.0,1.62,1.31,0.4
5,33,68,4,9,59,35,74.5,4.68,3.2,1.0
4,27,66,3,8,82,39,81.0,3.66,2.52,0.8
9,33,71,5,4,75,38,57.5,8.87,5.9,1.8
2,31,64,3,8,76,33,78.0,1.79,1.24,0.4
6,55,61,3,8,54,6,67.0,4.65,3.63,1.2
2,30,97,10,4,68,67,54.0,2.5,1.57,0.4
9,54,61,4,6,50,7,55.0,7.47,5.45,1.8
3,30,65,10,10,52,35,76.0,3.75,1.88,0.6
9,73,93,8,4,72,20,56.0,8.42,6.88,1.8
3,29,83,7,5,58,54,54.0,3.31,2.15,0.6
9,39,92,10,6,48,53,54.0,10.85,6.84,1.8
5,75,88,7,8,48,13,64.0,4.38,3.7,1.0
7,39,60,6,4,63,21,51.5,7.04,4.2,1.4
10,68,71,5,5,46,3,48.0,8.1,6.55,2.0
4,39,75,7,6,81,36,70.5,4.22,2.7,0.8
8,31,79,9,8,89,48,84.5,9.56,5.56,1.6
9,75,72,6,4,78,-3,59.0,7.42,5.94,1.8
6,19,80,3,4,73,61,56.5,5.73,4.2,1.2
7,78,85,10,8,80,7,80.0,7.07,5.08,1.4
7,22,73,10,6,51,51,55.5,9.03,4.66,1.4
9,12,97,10,6,49,85,54.5,12.06,7.06,1.8
3,73,77,6,7,66,4,68.0,2.5,2.06,0.6
6,74,88,6,4,61,14,50.5,4.98,4.44,1.2
4,19,95,7,10,73,76,86.5,4.62,3.1,0.8
5,56,67,7,5,71,11,60.5,4.85,3.17,1.0
2,63,80,8,5,75,17,62.5,1.97,1.4,0.4
7,25,64,7,5,56,39,53.0,7.88,4.34,1.4
8,44,71,8,5,69,27,59.5,8.64,5.24,1.6
4,44,85,8,6,89,41,74.5,4.32,2.9,0.8
8,15,60,7,4,77,45,58.5,9.4,4.8,1.6
9,36,96,8,7,90,60,80.0,10.08,7.02,1.8
8,42,62,3,7,78,20,74.0,6.72,4.88,1.6
8,71,74,10,8,72,3,76.0,8.36,5.36,1.6
9,77,61,3,4,53,-16,46.5,5.99,5.45,1.8
7,31,98,6,6,76,67,68.0,7.31,5.53,1.4
3,63,100,9,5,60,37,55.0,3.1,2.4,0.6
5,16,86,5,8,66,70,73.0,5.35,3.65,1.0
10,10,64,10,3,68,54,49.0,13.5,6.2,2.0
2,22,61,5,4,72,39,56.0,2.08,1.21,0.4
10,26,99,3,10,87,73,93.5,9.2,7.95,2.0
5,35,67,5,4,44,32,42.0,4.88,3.17,1.0
5,52,84,10,6,52,32,56.0,5.7,3.6,1.0
8,20,83,3,6,49,63,54.5,7.6,5.72,1.6
10,16,96,5,5,60,80,55.0,10.7,7.8,2.0
7,39,80,4,10,48,41,74.0,6.33,4.9,1.4
9,41,68,6,3,43,27,36.5,8.96,5.76,1.8
9,57,75,5,5,40,18,45.0,7.79,6.08,1.8
4,19,63,5,5,45,44,47.5,4.22,2.46,0.8
2,47,63,6,6,49,16,54.5,1.93,1.23,0.4
10,55,66,8,8,77,11,78.5,10.25,6.3,2.0
5,16,66,3,10,44,50,72.0,4.85,3.15,1.0
3,63,75,4,9,76,12,83.0,2.35,2.03,0.6
5,72,75,9,10,62,3,81.0,4.95,3.38,1.0
4,24,93,4,6,70,69,65.0,3.92,3.06,0.8
2,26,68,5,6,81,42,70.5,2.04,1.28,0.4
7,71,77,4,3,70,6,50.0,5.22,4.79,1.4
7,78,97,7,5,56,19,53.0,6.02,5.49,1.4
7,50,65,7,4,42,15,41.0,7.0,4.38,1.4
8,60,84,3,3,75,24,52.5,6.0,5.76,1.6
3,19,97,8,4,50,78,45.0,3.62,2.35,0.6
5,47,94,7,7,55,47,62.5,5.08,3.85,1.0
2,10,81,7,3,90,71,60.0,2.4,1.41,0.4
5,26,87,5,6,58,61,59.0,5.1,3.67,1.0
10,80,79,9,3,87,-1,58.5,9.5,6.95,2.0
7,79,71,8,7,50,-8,60.0,6.33,4.58,1.4
6,18,84,7,8,64,66,72.0,6.96,4.32,1.2
4,11,68,6,3,77,57,53.5,4.58,2.56,0.8
3,23,80,6,7,49,57,59.5,3.25,2.1,0.6
2,46,61,5,10,46,15,73.0,1.84,1.21,0.4
5,46,64,3,8,64,18,72.0,4.1,3.1,1.0
2,25,80,10,4,43,55,41.5,2.55,1.4,0.4
10,13,98,9,7,43,85,56.5,12.85,7.9,2.0
5,46,76,9,3,43,30,36.5,5.6,3.4,1.0
4,64,69,6,3,69,5,49.5,3.52,2.58,0.8
6,13,82,5,3,44,69,37.0,6.51,4.26,1.2
5,38,72,5,3,88,34,59.0,4.8,3.3,1.0
10,60,71,8,3,49,11,39.5,10.0,6.55,2.0
3,35,78,5,4,59,43,49.5,2.93,2.07,0.6
9,36,65,7,3,58,29,44.0,9.63,5.62,1.8
10,72,77,9,8,58,5,69.0,9.9,6.85,2.0
7,43,90,5,7,68,47,69.0,6.54,5.25,1.4
10,61,60,8,3,70,-1,50.0,9.95,6.0,2.0
2,11,67,7,6,54,56,57.0,2.39,1.27,0.4
6,32,60,9,7,79,28,74.5,7.14,3.6,1.2
6,25,94,10,4,66,69,53.0,7.65,4.62,1.2
3,51,95,7,5,40,44,45.0,2.98,2.32,0.6
2,16,83,10,6,45,67,52.5,2.64,1.43,0.4
8,78,68,3,6,77,-10,68.5,5.28,5.12,1.6
6,64,71,7,7,71,7,70.5,5.58,3.93,1.2
10,39,75,8,8,84,36,82.0,11.05,6.75,2.0
3,72,97,3,9,60,25,75.0,2.07,2.35,0.6
10,39,79,5,5,89,40,69.5,9.55,6.95,2.0
2,36,69,6,6,62,33,61.0,2.04,1.29,0.4
8,65,66,3,3,77,1,53.5,5.8,5.04,1.6
7,26,73,10,9,66,47,78.0,8.89,4.66,1.4
7,25,93,8,5,76,68,63.0,8.22,5.36,1.4
5,35,67,7,9,55,32,72.5,5.38,3.17,1.0
10,38,65,6,4,85,27,62.5,10.1,6.25,2.0
8,51,97,9,10,78,46,89.0,8.76,6.28,1.6
2,23,72,5,10,90,49,95.0,2.07,1.32,0.4
6,58,72,4,4,85,14,62.5,4.86,3.96,1.2
4,67,88,8,6,49,21,54.5,3.86,2.96,0.8
3,44,71,4,8,66,27,73.0,2.64,1.97,0.6
9,23,61,6,4,75,38,57.5,9.77,5.45,1.8
4,52,77,9,8,73,25,76.5,4.36,2.74,0.8
6,71,68,6,8,58,-3,69.0,5.07,3.84,1.2
2,63,89,9,3,62,26,46.0,2.07,1.49,0.4
10,54,93,6,6,66,39,63.0,9.3,7.65,2.0
2,71,70,5,3,46,-1,38.0,1.59,1.3,0.4
8,37,90,3,7,73,53,71.5,6.92,6.0,1.6
7,53,75,10,4,87,22,63.5,7.95,4.73,1.4
7,18,78,8,5,78,60,64.0,8.47,4.83,1.4
5,14,86,4,7,88,72,79.0,5.15,3.65,1.0
3,24,83,5,4,59,59,49.5,3.09,2.15,0.6
4,42,68,3,9,77,26,83.5,3.36,2.56,0.8
7,42,61,4,4,61,19,50.5,6.23,4.23,1.4
2,46,82,7,5,82,36,66.0,2.04,1.42,0.4
3,18,93,6,5,61,75,55.5,3.33,2.29,0.6
2,63,94,9,5,52,31,51.0,2.07,1.54,0.4
9,47,85,10,3,70,38,50.0,10.48,6.52,1.8
3,18,60,3,7,42,42,56.0,2.88,1.8,0.6
6,58,84,10,5,40,26,45.0,6.66,4.32,1.2
10,49,92,3,6,82,43,71.0,8.05,7.6,2.0
3,76,78,6,6,85,2,72.5,2.46,2.07,0.6
2,57,84,5,8,42,27,61.0,1.73,1.44,0.4
4,59,96,4,3,44,37,37.0,3.22,3.12,0.8
2,44,96,6,3,55,52,42.5,1.96,1.56,0.4
7,17,85,8,5,54,68,52.0,8.5,5.08,1.4
3,75,62,3,10,48,-13,74.0,2.03,1.83,0.6
6,69,98,6,9,89,29,89.5,5.13,4.74,1.2
6,65,99,9,10,61,34,80.5,6.15,4.77,1.2
7,44,85,4,9,87,41,88.5,6.16,5.08,1.4
4,28,60,10,5,84,32,67.0,5.04,2.4,0.8
5,19,98,9,5,58,79,54.0,6.28,3.95,1.0
2,27,82,7,9,42,55,66.0,2.23,1.42,0.4
7,63,64,9,9,50,1,70.0,7.24,4.34,1.4
3,21,68,4,6,57,47,58.5,2.99,1.92,0.6
6,25,60,4,6,46,35,53.0,5.85,3.6,1.2
10,39,99,4,8,73,60,76.5,9.05,7.95,2.0
10,24,64,3,10,77,40,88.5,9.3,6.2,2.0
8,77,64,7,6,62,-13,61.0,6.92,4.96,1.6
10,60,73,9,8,62,13,71.0,10.5,6.65,2.0
7,40,67,4,6,80,27,70.0,6.3,4.45,1.4
7,60,81,4,9,58,21,74.0,5.6,4.94,1.4
8,37,98,6,10,59,61,79.5,8.12,6.32,1.6
6,20,76,9,7,42,56,56.0,7.5,4.08,1.2
4,55,92,7,9,90,37,90.0,3.9,3.04,0.8
6,55,82,8,4,73,27,56.5,6.15,4.26,1.2
4,49,99,10,3,56,50,43.0,4.62,3.18,0.8
9,10,71,5,8,56,61,68.0,9.9,5.9,1.8
8,46,87,9,6,56,41,58.0,8.96,5.88,1.6
10,68,95,9,5,88,27,69.0,10.1,7.75,2.0
9,79,66,3,7,40,-13,55.0,5.9,5.67,1.8
9,80,79,8,7,71,-1,70.5,8.1,6.26,1.8
2,61,71,5,5,76,10,63.0,1.69,1.31,0.4
3,22,95,6,3,43,73,36.5,3.27,2.32,0.6
7,42,97,8,7,42,55,56.0,7.63,5.49,1.4
6,37,66,7,7,45,29,57.5,6.39,3.78,1.2
6,39,85,6,4,73,46,56.5,6.03,4.35,1.2
5,80,77,10,4,59,-3,49.5,5.0,3.43,1.0
2,16,71,4,7,85,55,77.5,2.04,1.31,0.4
8,62,69,3,4,46,7,43.0,5.92,5.16,1.6
10,46,92,9,4,67,46,53.5,11.2,7.6,2.0
4,43,64,6,8,40,21,60.0,3.94,2.48,0.8
2,18,69,8,10,87,51,93.5,2.42,1.29,0.4
10,66,72,6,6,90,6,75.0,8.7,6.6,2.0
2,78,75,4,5,60,-3,55.0,1.42,1.35,0.4
5,60,65,10,10,65,5,82.5,5.5,3.12,1.0
9,63,61,5,5,42,-2,46.0,7.51,5.45,1.8
4,75,68,6,8,40,-7,60.0,3.3,2.56,0.8
4,20,92,9,7,80,72,75.0,5.0,3.04,0.8
2,61,69,5,4,62,8,51.0,1.69,1.29,0.4
8,38,92,8,8,75,54,77.5,8.88,6.08,1.6
5,31,62,7,4,78,31,59.0,5.47,3.05,1.0
5,49,84,9,5,65,35,57.5,5.53,3.6,1.0
4,70,67,10,3,88,-3,59.0,4.2,2.54,0.8
4,68,79,8,3,56,11,43.0,3.84,2.78,0.8
5,29,76,7,10,56,47,78.0,5.53,3.4,1.0
7,44,66,7,8,89,22,84.5,7.21,4.41,1.4
8,22,94,10,9,58,72,74.0,10.32,6.16,1.6
2,57,64,7,6,80,7,70.0,1.93,1.24,0.4
2,13,68,5,6,68,55,64.0,2.17,1.28,0.4
4,51,98,8,3,80,47,55.0,4.18,3.16,0.8
3,71,89,3,9,54,18,72.0,2.08,2.23,0.6
5,58,78,9,10,75,20,87.5,5.3,3.45,1.0
4,35,76,8,6,71,41,65.5,4.5,2.72,0.8
5,11,92,4,10,64,81,82.0,5.22,3.8,1.0
3,26,86,4,10,75,60,87.5,2.91,2.19,0.6
5,53,69,5,8,70,16,75.0,4.42,3.23,1.0
2,54,76,4,7,58,22,64.0,1.66,1.36,0.4
4,31,76,10,9,43,45,66.5,4.98,2.72,0.8
8,42,91,10,6,61,49,60.5,9.52,6.04,1.6
7,27,93,4,3,90,66,60.0,6.76,5.36,1.4
10,21,83,9,8,65,62,72.5,12.45,7.15,2.0
7,14,93,3,3,74,79,52.0,6.86,5.36,1.4
9,42,86,7,9,41,44,65.5,9.36,6.57,1.8
2,72,90,10,5,56,18,53.0,2.08,1.5,0.4
2,79,89,4,5,86,10,68.0,1.41,1.49,0.4
5,45,88,7,3,41,43,35.5,5.12,3.7,1.0
8,13,99,7,10,65,86,82.5,9.48,6.36,1.6
2,55,94,9,9,82,39,86.0,2.15,1.54,0.4
9,76,100,7,9,64,24,77.0,7.83,7.2,1.8
3,15,82,6,7,87,67,78.5,3.38,2.13,0.6
10,14,91,4,3,80,77,55.0,10.3,7.55,2.0
9,50,60,5,9,57,10,73.5,8.1,5.4,1.8
3,69,94,9,5,71,25,60.5,3.02,2.31,0.6
3,40,88,9,8,68,48,74.0,3.45,2.22,0.6
10,41,63,10,5,49,22,49.5,11.95,6.15,2.0
7,16,62,6,4,82,46,61.0,7.84,4.27,1.4
9,23,79,3,6,52,56,56.0,8.42,6.26,1.8
9,29,82,9,7,73,53,71.5,10.85,6.39,1.8
5,10,61,8,4,43,51,41.5,6.25,3.02,1.0
10,44,76,5,3,44,32,37.0,9.3,6.8,2.0
4,19,66,3,5,60,47,55.0,3.82,2.52,0.8
8,12,71,5,9,41,59,65.5,8.72,5.24,1.6
7,51,84,3,6,58,33,59.0,5.57,5.04,1.4
2,45,92,7,3,68,47,49.0,2.05,1.52,0.4
2,80,99,10,4,56,19,48.0,2.0,1.59,0.4
2,20,85,7,9,89,65,89.5,2.3,1.45,0.4
5,23,62,6,5,63,39,56.5,5.42,3.05,1.0
6,58,88,6,6,52,30,56.0,5.46,4.44,1.2
7,78,77,7,9,70,-1,80.0,6.02,4.79,1.4
3,12,90,3,8,40,78,60.0,2.97,2.25,0.6
6,31,78,7,7,52,47,61.0,6.57,4.14,1.2
3,14,82,4,5,42,68,46.0,3.09,2.13,0.6
4,30,68,4,4,74,38,57.0,3.8,2.56,0.8
6,52,69,7,3,77,17,53.5,5.94,3.87,1.2
8,23,67,9,10,57,44,78.5,9.88,5.08,1.6
4,33,86,4,10,54,53,77.0,3.74,2.92,0.8
8,63,67,10,9,74,4,82.0,8.68,5.08,1.6
8,73,77,7,9,54,4,72.0,7.08,5.48,1.6
4,23,87,5,6,84,64,72.0,4.14,2.94,0.8
6,67,88,3,6,66,21,63.0,4.29,4.44,1.2
6,50,87,6,4,45,37,42.5,5.7,4.41,1.2
3,48,81,9,4,68,33,54.0,3.33,2.12,0.6
4,22,62,10,5,61,40,55.5,5.16,2.44,0.8
9,13,82,5,10,63,69,81.5,9.77,6.39,1.8
4,70,75,10,9,41,5,65.5,4.2,2.7,0.8
7,36,88,8,7,56,52,63.0,7.84,5.18,1.4
10,58,68,8,10,66,10,83.0,10.1,6.4,2.0
10,63,93,5,10,62,30,81.0,8.35,7.65,2.0
2,14,99,6,9,41,85,65.5,2.26,1.59,0.4
4,79,77,7,8,81,-2,80.5,3.42,2.74,0.8
5,13,97,4,5,45,84,47.5,5.17,3.92,1.0
9,67,85,3,7,85,18,77.5,6.44,6.52,1.8
6,32,96,3,3,64,64,47.0,5.34,4.68,1.2
7,33,80,10,5,44,47,47.0,8.65,4.9,1.4
6,19,89,3,5,69,70,59.5,5.73,4.47,1.2
9,65,83,9,9,56,18,73.0,9.22,6.43,1.8
6,22,64,5,6,64,42,62.0,6.24,3.72,1.2
8,58,93,5,4,55,35,47.5,6.88,6.12,1.6
9,45,61,3,3,72,16,51.0,7.43,5.45,1.8
7,54,99,4,6,57,45,58.5,5.81,5.56,1.4
9,68,65,9,8,59,-3,69.5,9.09,5.62,1.8
5,71,73,5,6,41,2,50.5,3.98,3.33,1.0
9,15,78,8,9,45,63,67.5,11.03,6.21,1.8
3,11,87,9,4,48,76,44.0,3.88,2.21,0.6
8,56,82,5,9,45,26,67.5,6.96,5.68,1.6
6,41,62,6,9,89,21,89.5,5.97,3.66,1.2
6,75,61,3,8,67,-14,73.5,4.05,3.63,1.2
7,75,62,5,5,79,-13,64.5,5.42,4.27,1.4
5,49,81,4,4,65,32,52.5,4.28,3.53,1.0
6,31,72,7,7,71,41,70.5,6.57,3.96,1.2
4,24,70,8,7,76,46,73.0,4.72,2.6,0.8
5,55,62,8,4,47,7,43.5,5.12,3.05,1.0
3,23,84,9,10,60,61,80.0,3.71,2.16,0.6
7,42,78,7,8,89,36,84.5,7.28,4.83,1.4
5,71,87,9,3,60,16,45.0,4.98,3.67,1.0
7,73,95,3,4,82,22,61.0,4.79,5.42,1.4
10,56,85,10,4,56,29,48.0,11.2,7.25,2.0
9,21,82,6,7,52,61,61.0,9.86,6.39,1.8
3,35,65,10,4,60,30,50.0,3.68,1.88,0.6
10,10,100,3,10,66,90,83.0,10.0,8.0,2.0
3,33,69,6,9,77,36,83.5,3.11,1.94,0.6
6,46,93,8,3,48,47,39.0,6.42,4.59,1.2
2,17,78,7,9,81,61,85.5,2.33,1.38,0.4
9,45,88,9,10,82,43,91.0,10.12,6.66,1.8
9,26,98,7,8,90,72,85.0,10.08,7.11,1.8
10,52,83,9,9,83,31,86.5,10.9,7.15,2.0
10,37,85,4,7,64,48,67.0,9.15,7.25,2.0
9,79,77,4,4,51,-2,45.5,6.35,6.17,1.8
7,61,97,8,9,42,36,66.0,6.96,5.49,1.4
4,32,90,4,6,64,58,62.0,3.76,3.0,0.8
3,52,92,8,9,67,40,78.5,3.12,2.28,0.6
3,19,90,7,3,66,71,48.0,3.46,2.25,0.6
4,40,61,6,10,89,21,94.5,4.0,2.42,0.8
7,63,87,7,8,66,24,73.0,6.54,5.14,1.4
8,57,64,8,7,65,7,67.5,8.12,4.96,1.6
2,14,97,4,7,60,83,65.0,2.06,1.57,0.4
9,70,66,8,5,61,-4,55.5,8.55,5.67,1.8
6,52,85,10,6,78,33,69.0,6.84,4.35,1.2
8,44,100,9,4,55,56,47.5,9.04,6.4,1.6
2,35,82,5,3,90,47,60.0,1.95,1.42,0.4
2,49,91,10,3,84,42,57.0,2.31,1.51,0.4
5,17,91,10,3,87,74,58.5,6.57,3.77,1.0
4,56,65,6,4,42,9,41.0,3.68,2.5,0.8
8,44,65,10,3,52,21,41.0,9.44,5.0,1.6
9,76,93,10,4,40,17,40.0,9.18,6.88,1.8
2,36,68,10,7,45,32,57.5,2.44,1.28,0.4
3,44,85,8,4,62,41,51.0,3.24,2.17,0.6
4,67,94,8,3,70,27,50.0,3.86,3.08,0.8
8,20,81,9,8,85,61,82.5,10.0,5.64,1.6
6,26,82,8,4,70,56,55.0,7.02,4.26,1.2
6,16,67,6,5,79,51,64.5,6.72,3.81,1.2
4,71,62,6,10,82,-9,91.0,3.38,2.44,0.8
8,13,79,5,8,77,66,78.5,8.68,5.56,1.6
6,36,83,7,9,41,47,65.5,6.42,4.29,1.2
8,52,82,7,6,87,30,73.5,7.92,5.68,1.6
5,78,62,10,3,43,-16,36.5,5.05,3.05,1.0
8,13,78,10,6,76,65,68.0,10.68,5.52,1.6
3,68,72,10,10,85,4,92.5,3.18,1.98,0.6
6,57,81,10,9,49,24,69.5,6.69,4.23,1.2
2,59,97,5,9,75,38,82.5,1.71,1.57,0.4
4,58,99,4,6,61,41,60.5,3.24,3.18,0.8
6,42,75,5,8,84,33,82.0,5.64,4.05,1.2
4,25,65,7,8,68,40,74.0,4.5,2.5,0.8
10,53,99,9,7,87,46,78.5,10.85,7.95,2.0
8,73,96,4,9,56,23,73.0,5.88,6.24,1.6
4,30,61,4,8,57,31,68.5,3.8,2.42,0.8
4,15,73,4,8,74,58,77.0,4.1,2.66,0.8
5,66,93,6,6,48,27,54.0,4.35,3.83,1.0
4,65,72,3,3,67,7,48.5,2.9,2.64,0.8
3,43,74,9,5,71,31,60.5,3.41,2.01,0.6
3,37,69,9,8,79,32,79.5,3.5,1.94,0.6
4,24,62,9,4,80,38,60.0,4.92,2.44,0.8
9,17,91,6,6,61,74,60.5,10.04,6.79,1.8
6,48,99,8,9,71,51,80.5,6.36,4.77,1.2
6,29,62,3,7,64,33,67.0,5.43,3.66,1.2
7,51,89,4,8,53,38,66.5,5.92,5.21,1.4
4,71,93,3,4,40,22,40.0,2.78,3.06,0.8
2,12,84,8,3,44,72,37.0,2.48,1.44,0.4
9,68,79,3,10,58,11,79.0,6.39,6.26,1.8
9,77,74,6,10,47,-3,73.5,7.33,6.03,1.8
3,51,64,8,3,49,13,39.5,3.13,1.86,0.6
2,77,92,6,4,72,15,56.0,1.63,1.52,0.4
2,52,76,9,6,72,24,66.0,2.18,1.36,0.4
9,16,94,6,4,62,78,51.0,10.08,6.93,1.8
6,56,100,5,6,44,44,52.0,5.22,4.8,1.2
9,59,85,8,10,43,26,71.5,9.04,6.52,1.8
9,75,85,5,9,58,10,74.0,6.98,6.52,1.8
10,63,67,8,9,42,4,66.0,9.85,6.35,2.0
8,79,62,10,4,44,-17,42.0,8.04,4.88,1.6
3,55,82,8,9,40,27,65.0,3.07,2.13,0.6
10,57,96,3,5,50,39,50.0,7.65,7.8,2.0
10,73,86,9,9,74,13,82.0,9.85,7.3,2.0
4,18,61,6,6,63,43,61.5,4.44,2.42,0.8
4,60,76,8,7,86,16,78.0,4.0,2.72,0.8
6,52,91,6,6,40,39,50.0,5.64,4.53,1.2
8,47,82,8,4,41,35,40.5,8.52,5.68,1.6
8,27,92,6,7,63,65,66.5,8.52,6.08,1.6
10,53,70,10,3,63,17,46.5,11.35,6.5,2.0
8,36,81,9,7,56,45,63.0,9.36,5.64,1.6
9,30,99,8,10,68,69,84.0,10.35,7.15,1.8
8,64,74,6,3,53,10,41.5,7.04,5.36,1.6
7,12,62,8,4,82,50,61.0,8.68,4.27,1.4
9,60,87,3,10,82,27,91.0,6.75,6.62,1.8
3,28,79,4,8,75,51,77.5,2.88,2.08,0.6
6,30,84,10,5,47,54,48.5,7.5,4.32,1.2
8,53,89,10,3,79,36,54.5,9.08,5.96,1.6
2,44,92,6,7,41,48,55.5,1.96,1.52,0.4
9,49,79,3,7,90,30,80.0,7.25,6.26,1.8
8,25,74,5,4,43,49,41.5,8.2,5.36,1.6
6,53,84,10,3,69,31,49.5,6.81,4.32,1.2
8,38,68,4,7,53,30,61.5,7.28,5.12,1.6
6,38,78,9,9,47,40,68.5,6.96,4.14,1.2
5,40,62,7,5,81,22,65.5,5.25,3.05,1.0
9,24,77,9,5,54,53,52.0,11.07,6.17,1.8
8,19,97,7,6,84,78,72.0,9.24,6.28,1.6
9,76,87,9,10,44,11,72.0,8.73,6.62,1.8
7,71,90,10,8,61,19,70.5,7.31,5.25,1.4
4,59,95,7,6,83,36,71.5,3.82,3.1,0.8
7,21,77,5,10,69,56,84.5,7.31,4.79,1.4
8,25,79,10,5,56,54,53.0,10.2,5.56,1.6
5,21,85,8,8,53,64,66.5,5.98,3.62,1.0
3,15,64,4,7,49,49,59.5,3.07,1.86,0.6
7,13,94,10,4,86,81,63.0,9.34,5.39,1.4
4,52,96,4,4,58,44,49.0,3.36,3.12,0.8
2,33,97,5,6,73,64,66.5,1.97,1.57,0.4
7,70,74,6,3,84,4,57.0,5.95,4.69,1.4
10,29,77,4,4,48,48,44.0,9.55,6.85,2.0
9,79,72,6,6,43,-7,51.5,7.24,5.94,1.8
2,16,61,8,9,74,45,82.0,2.44,1.21,0.4
8,12,67,9,6,78,55,69.0,10.32,5.08,1.6
7,38,92,10,10,75,54,87.5,8.47,5.32,1.4
8,74,90,4,8,60,16,70.0,5.84,6.0,1.6
7,33,73,5,4,74,40,57.0,6.9,4.66,1.4
7,31,80,6,6,72,49,66.0,7.31,4.9,1.4
5,23,66,4,9,52,43,71.0,4.93,3.15,1.0
10,19,95,4,5,50,76,50.0,10.05,7.75,2.0
10,49,60,8,10,56,11,78.0,10.55,6.0,2.0
2,14,62,7,4,73,48,56.5,2.36,1.22,0.4
8,15,98,5,10,72,83,86.0,8.6,6.32,1.6
4,72,75,10,3,47,3,38.5,4.16,2.7,0.8
9,39,66,10,3,77,27,53.5,10.85,5.67,1.8
10,58,82,5,4,87,24,63.5,8.6,7.1,2.0
2,75,88,7,5,65,13,57.5,1.75,1.48,0.4
2,19,88,5,4,47,69,43.5,2.11,1.48,0.4
7,59,81,4,10,49,22,74.5,5.63,4.94,1.4
2,60,82,10,5,80,22,65.0,2.2,1.42,0.4
2,49,74,9,9,76,25,83.0,2.21,1.34,0.4
3,80,61,3,8,55,-19,67.5,1.95,1.81,0.6
4,68,70,10,7,80,2,75.0,4.24,2.6,0.8
2,28,63,7,9,81,35,85.5,2.22,1.23,0.4
9,18,70,7,3,58,52,44.0,10.44,5.85,1.8
2,22,86,6,6,69,64,64.5,2.18,1.46,0.4
10,79,95,4,5,68,16,59.0,7.05,7.75,2.0
3,60,98,7,4,69,38,54.5,2.85,2.37,0.6
5,53,60,9,8,52,7,66.0,5.42,3.0,1.0
3,23,71,9,10,80,48,90.0,3.71,1.97,0.6
4,75,88,3,10,76,13,88.0,2.7,2.96,0.8
9,66,63,4,4,82,-3,61.0,6.93,5.54,1.8
3,14,76,10,3,52,62,41.0,3.99,2.04,0.6
6,21,61,5,8,44,40,62.0,6.27,3.63,1.2
6,64,76,10,8,51,12,65.5,6.48,4.08,1.2
2,26,95,8,8,61,69,70.5,2.34,1.55,0.4
6,69,64,10,6,65,-5,62.5,6.33,3.72,1.2
3,59,79,9,4,50,20,45.0,3.17,2.08,0.6
5,65,71,5,3,40,6,35.0,4.12,3.28,1.0
4,16,77,9,7,54,61,62.0,5.08,2.74,0.8
5,26,95,4,9,83,69,86.5,4.85,3.87,1.0
9,69,78,10,6,77,9,68.5,9.5,6.21,1.8
6,46,85,7,7,60,39,65.0,6.12,4.35,1.2
7,47,70,4,10,88,23,94.0,6.05,4.55,1.4
2,28,83,5,7,45,55,57.5,2.02,1.43,0.4
7,75,69,10,4,59,-6,49.5,7.17,4.52,1.4
2,10,62,4,5,55,52,52.5,2.1,1.22,0.4
8,47,90,3,6,69,43,64.5,6.52,6.0,1.6
5,50,64,3,6,65,14,62.5,4.0,3.1,1.0
5,65,83,5,5,72,18,61.0,4.12,3.57,1.0
7,48,85,9,6,66,37,63.0,7.77,5.08,1.4
3,43,90,6,4,47,47,43.5,2.96,2.25,0.6
8,14,75,6,3,70,61,50.0,9.04,5.4,1.6
9,24,85,4,8,86,61,83.0,8.82,6.52,1.8
9,58,64,6,4,45,6,42.5,8.19,5.58,1.8
9,29,91,6,8,89,62,84.5,9.49,6.79,1.8
5,45,95,8,9,68,50,79.0,5.38,3.87,1.0
9,63,89,10,9,80,26,85.0,9.77,6.71,1.8
9,23,66,3,10,55,43,77.5,8.42,5.67,1.8
10,37,76,7,7,57,39,63.5,10.65,6.8,2.0
3,54,81,8,9,52,27,71.0,3.09,2.12,0.6
2,41,96,7,7,84,55,77.0,2.09,1.56,0.4
3,40,99,4,3,44,59,37.0,2.7,2.38,0.6
6,63,68,5,10,70,5,85.0,5.01,3.84,1.2
7,34,72,8,7,83,38,76.5,7.91,4.62,1.4
9,76,63,3,3,53,-13,41.5,6.03,5.54,1.8
10,48,98,8,5,78,50,64.0,10.6,7.9,2.0
7,44,86,9,8,62,42,71.0,7.91,5.11,1.4
9,63,73,5,7,51,10,60.5,7.51,5.99,1.8
5,18,79,4,9,50,61,70.0,5.05,3.48,1.0
5,33,75,4,9,82,42,86.0,4.68,3.38,1.0
5,19,75,8,4,63,56,51.5,6.03,3.38,1.0
7,23,64,3,4,47,41,43.5,6.54,4.34,1.4
9,10,73,9,7,55,63,62.5,11.7,5.99,1.8
4,38,79,6,4,69,41,54.5,4.04,2.78,0.8
6,16,92,5,6,84,76,72.0,6.42,4.56,1.2
6,48,65,5,4,64,17,52.0,5.46,3.75,1.2
5,42,91,10,3,70,49,50.0,5.95,3.77,1.0
2,42,71,8,3,68,29,49.0,2.18,1.31,0.4
9,22,91,6,6,74,69,67.0,9.81,6.79,1.8
2,56,78,9,4,90,22,65.0,2.14,1.38,0.4
10,38,71,4,4,69,33,54.5,9.1,6.55,2.0
6,78,87,7,6,57,9,58.5,5.16,4.41,1.2
2,29,68,10,8,41,39,60.5,2.51,1.28,0.4
3,74,70,7,6,69,-4,64.5,2.64,1.95,0.6
8,67,61,5,3,53,-6,41.5,6.52,4.84,1.6
6,46,80,4,10,73,34,86.5,5.22,4.2,1.2
10,58,96,4,3,51,38,40.5,8.1,7.8,2.0
10,69,95,5,5,79,26,64.5,8.05,7.75,2.0
9,25,77,5,3,55,52,42.5,9.22,6.17,1.8
7,47,64,4,10,73,17,86.5,6.05,4.34,1.4
7,26,97,5,5,46,71,48.0,7.14,5.49,1.4
8,44,80,10,7,64,36,67.0,9.44,5.6,1.6
6,20,79,10,5,84,59,67.0,7.8,4.17,1.2
7,61,82,10,6,82,21,71.0,7.67,4.97,1.4
5,44,88,8,5,67,44,58.5,5.4,3.7,1.0
5,15,100,10,7,60,85,65.0,6.62,4.0,1.0
4,78,63,9,8,71,-15,75.5,3.84,2.46,0.8
5,30,90,9,10,55,60,77.5,6.0,3.75,1.0
5,49,69,3,4,46,20,43.0,4.03,3.23,1.0
9,32,63,7,10,41,31,70.5,9.81,5.54,1.8
4,24,99,7,7,69,75,69.5,4.52,3.18,0.8
2,56,66,7,8,83,10,81.5,1.94,1.26,0.4
2,52,60,4,7,69,8,69.5,1.68,1.2,0.4
5,37,89,10,10,88,52,94.0,6.08,3.73,1.0
4,19,61,4,9,75,42,82.5,4.02,2.42,0.8
2,12,63,3,9,82,51,86.0,1.98,1.23,0.4
7,53,91,4,4,78,38,59.0,5.84,5.29,1.4
8,57,69,7,4,64,12,52.0,7.72,5.16,1.6
2,22,76,7,5,66,54,58.0,2.28,1.36,0.4
3,26,65,8,8,51,39,65.5,3.51,1.88,0.6
8,80,78,6,10,43,-2,71.5,6.4,5.52,1.6
9,52,81,4,7,73,29,71.5,7.56,6.35,1.8
5,53,74,5,8,40,21,60.0,4.42,3.35,1.0
7,80,71,7,9,79,-9,84.5,5.95,4.58,1.4
4,55,97,5,9,47,42,68.5,3.5,3.14,0.8
3,35,81,3,5,71,46,60.5,2.63,2.12,0.6
8,21,62,10,3,40,41,35.0,10.36,4.88,1.6
2,39,80,4,10,65,41,82.5,1.81,1.4,0.4
6,78,95,10,8,43,17,61.5,6.06,4.65,1.2
4,34,85,3,3,66,51,48.0,3.52,2.9,0.8
2,32,72,4,6,75,40,67.5,1.88,1.32,0.4
9,44,85,9,4,64,41,52.0,10.17,6.52,1.8
6,59,70,6,9,44,11,67.0,5.43,3.9,1.2
6,38,70,6,4,90,32,65.0,6.06,3.9,1.2
2,22,99,9,6,69,77,64.5,2.48,1.59,0.4
6,40,62,7,7,75,22,72.5,6.3,3.66,1.2
10,14,86,7,9,42,72,66.0,11.8,7.3,2.0
4,80,93,5,6,79,13,69.5,3.0,3.06,0.8
10,42,81,4,10,67,39,83.5,8.9,7.05,2.0
2,31,74,7,6,58,43,59.0,2.19,1.34,0.4
3,11,99,6,10,66,88,83.0,3.44,2.38,0.6
9,17,89,8,8,70,72,75.0,10.93,6.71,1.8
3,17,90,6,7,71,73,70.5,3.34,2.25,0.6
2,10,61,10,10,68,51,84.0,2.7,1.21,0.4
3,16,77,4,9,63,61,76.5,3.06,2.06,0.6
8,39,89,6,3,45,50,37.5,8.04,5.96,1.6
6,70,74,9,10,66,4,83.0,6.0,4.02,1.2
7,66,75,6,10,49,9,74.5,6.09,4.73,1.4
3,62,78,4,10,86,16,93.0,2.37,2.07,0.6
6,48,75,9,7,48,27,59.0,6.66,4.05,1.2
8,42,93,5,8,62,51,71.0,7.52,6.12,1.6
9,74,82,4,7,49,8,59.5,6.57,6.39,1.8
5,27,66,3,3,90,39,60.0,4.58,3.15,1.0
8,44,81,6,8,82,37,81.0,7.84,5.64,1.6
9,58,85,4,4,40,27,40.0,7.29,6.52,1.8
5,78,72,4,3,42,-6,36.0,3.55,3.3,1.0
5,74,73,9,3,81,-1,55.5,4.9,3.33,1.0
5,77,96,7,10,68,19,84.0,4.33,3.9,1.0
10,79,86,7,8,46,7,63.0,8.55,7.3,2.0
4,43,74,9,8,71,31,75.5,4.54,2.68,0.8
9,29,72,7,10,63,43,81.5,9.95,5.94,1.8
8,24,99,9,9,43,75,66.5,9.84,6.36,1.6
6,53,63,3,9,67,10,78.5,4.71,3.69,1.2
4,28,76,9,6,76,48,68.0,4.84,2.72,0.8
10,47,67,7,3,63,20,46.5,10.15,6.35,2.0
5,59,60,8,8,63,1,71.5,5.02,3.0,1.0
2,57,100,6,6,53,43,56.5,1.83,1.6,0.4
5,38,93,6,4,83,55,61.5,5.05,3.83,1.0
2,57,65,4,7,53,8,61.5,1.63,1.25,0.4
5,60,75,5,10,60,15,80.0,4.25,3.38,1.0
10,80,60,6,7,60,-20,65.0,8.0,6.0,2.0
6,32,75,9,8,52,43,66.0,7.14,4.05,1.2
9,61,72,5,10,76,11,88.0,7.6,5.94,1.8
2,72,95,5,4,69,23,54.5,1.58,1.55,0.4
7,57,68,7,5,88,11,69.0,6.75,4.48,1.4
9,38,89,10,3,65,51,47.5,10.89,6.71,1.8
9,38,66,4,3,63,28,46.5,8.19,5.67,1.8
7,49,77,9,10,82,28,91.0,7.73,4.79,1.4
7,48,84,10,7,44,36,57.0,8.12,5.04,1.4
9,44,91,9,4,88,47,64.0,10.17,6.79,1.8
9,66,94,9,10,59,28,79.5,9.18,6.93,1.8
10,47,95,10,10,52,48,76.0,11.65,7.75,2.0
5,71,72,10,3,76,1,53.0,5.22,3.3,1.0
8,17,98,6,3,75,81,52.5,8.92,6.32,1.6
6,17,60,3,8,71,43,75.5,5.79,3.6,1.2
3,25,80,4,9,62,55,76.0,2.93,2.1,0.6
8,71,60,10,6,44,-11,52.0,8.36,4.8,1.6
9,71,95,5,4,79,24,59.5,7.16,6.97,1.8
4,29,91,5,8,52,62,66.0,4.02,3.02,0.8
8,55,76,7,4,89,21,64.5,7.8,5.44,1.6
2,12,83,10,4,60,71,50.0,2.68,1.43,0.4
3,26,67,10,5,83,41,66.5,3.81,1.91,0.6
10,36,72,10,7,40,36,55.0,12.2,6.6,2.0
4,56,61,3,9,74,5,82.0,3.08,2.42,0.8
8,28,80,3,6,87,52,73.5,7.28,5.6,1.6
3,56,92,6,10,86,36,93.0,2.76,2.28,0.6
2,25,83,7,3,83,58,56.5,2.25,1.43,0.4
10,15,87,9,6,60,72,60.0,12.75,7.35,2.0
8,14,99,3,4,89,85,64.5,7.84,6.36,1.6
6,56,88,7,6,66,32,63.0,5.82,4.44,1.2
10,25,69,7,9,59,44,74.5,11.25,6.45,2.0
10,44,86,9,6,61,42,60.5,11.3,7.3,2.0
4,45,71,10,7,72,26,71.0,4.7,2.62,0.8
6,11,69,4,7,90,58,80.0,6.27,3.87,1.2
6,41,65,9,9,43,24,66.5,6.87,3.75,1.2
9,17,64,6,8,53,47,66.5,10.04,5.58,1.8
8,52,69,6,7,56,17,63.0,7.52,5.16,1.6
8,66,82,10,3,52,16,41.0,8.56,5.68,1.6
7,78,63,3,4,60,-15,50.0,4.62,4.3,1.4
6,16,92,6,9,68,76,79.0,6.72,4.56,1.2
4,16,92,6,5,54,76,52.0,4.48,3.04,0.8
10,30,60,3,6,65,30,62.5,9.0,6.0,2.0
6,77,70,6,7,67,-7,68.5,4.89,3.9,1.2
9,46,67,8,9,45,21,67.5,9.63,5.71,1.8
2,59,69,8,4,46,10,43.0,2.01,1.29,0.4
2,80,77,9,3,78,-3,54.0,1.9,1.37,0.4
4,38,68,3,9,72,30,81.0,3.44,2.56,0.8
4,19,60,7,9,88,41,89.0,4.62,2.4,0.8
9,48,98,3,8,41,50,60.5,7.29,7.11,1.8
7,58,68,4,8,51,10,65.5,5.67,4.48,1.4
2,46,86,5,7,87,40,78.5,1.84,1.46,0.4
3,30,79,9,8,83,49,81.5,3.6,2.08,0.6
5,61,90,8,7,52,29,61.0,4.97,3.75,1.0
5,69,89,9,6,63,20,61.5,5.03,3.73,1.0
9,17,64,10,4,53,47,46.5,11.83,5.58,1.8
8,60,98,5,9,66,38,78.0,6.8,6.32,1.6
6,17,62,9,10,53,45,76.5,7.59,3.66,1.2
5,67,72,10,5,51,5,50.5,5.32,3.3,1.0
7,75,62,5,7,41,-13,55.5,5.42,4.27,1.4
2,44,71,6,6,55,27,57.5,1.96,1.31,0.4
3,55,87,7,5,75,32,62.5,2.92,2.21,0.6
9,21,70,7,10,43,49,71.5,10.3,5.85,1.8
3,25,85,10,9,76,60,83.0,3.82,2.17,0.6
10,46,89,7,8,88,43,84.0,10.2,7.45,2.0
5,29,95,3,7,45,66,57.5,4.53,3.87,1.0
8,57,69,4,6,63,12,61.5,6.52,5.16,1.6
2,13,66,9,10,62,53,81.0,2.57,1.26,0.4
5,54,80,7,6,69,26,64.5,4.9,3.5,1.0
8,46,72,4,5,47,26,48.5,6.96,5.28,1.6
7,20,99,5,5,64,79,57.0,7.35,5.56,1.4
9,34,83,3,3,64,49,47.0,7.92,6.43,1.8
8,73,87,3,5,62,14,56.0,5.48,5.88,1.6
8,66,87,3,10,48,21,74.0,5.76,5.88,1.6
5,78,88,10,7,52,10,61.0,5.05,3.7,1.0
3,74,92,7,8,47,18,63.5,2.64,2.28,0.6
4,13,96,4,3,49,83,39.5,4.14,3.12,0.8
3,69,97,7,3,60,28,45.0,2.71,2.35,0.6
7,48,63,4,10,61,15,80.5,6.02,4.3,1.4
10,39,60,7,3,55,21,42.5,10.55,6.0,2.0
3,11,93,6,5,61,82,55.5,3.44,2.29,0.6
7,41,87,5,9,69,46,79.5,6.62,5.14,1.4
2,44,77,3,4,72,33,56.0,1.66,1.37,0.4
2,66,100,5,7,49,34,59.5,1.64,1.6,0.4
8,22,62,4,4,53,40,46.5,7.92,4.88,1.6
2,74,89,3,6,45,15,52.5,1.36,1.49,0.4
6,11,71,7,8,50,60,65.0,7.17,3.93,1.2
9,23,92,6,10,46,69,73.0,9.77,6.84,1.8
7,62,70,5,9,68,8,79.0,5.88,4.55,1.4
3,52,99,5,9,65,47,77.5,2.67,2.38,0.6
6,73,77,5,6,77,4,68.5,4.71,4.11,1.2
6,78,60,6,9,66,-18,78.0,4.86,3.6,1.2
4,72,84,7,9,89,12,89.5,3.56,2.88,0.8
5,78,88,10,5,84,10,67.0,5.05,3.7,1.0
8,58,90,8,4,88,32,64.0,8.08,6.0,1.6
3,22,68,6,7,87,46,78.5,3.27,1.92,0.6
2,64,79,10,7,89,15,79.5,2.16,1.39,0.4
7,25,86,7,8,67,61,73.5,7.88,5.11,1.4
9,25,97,5,10,69,72,84.5,9.22,7.06,1.8
4,20,98,3,5,73,78,61.5,3.8,3.16,0.8
2,46,77,8,8,78,31,79.0,2.14,1.37,0.4
9,65,70,6,8,58,5,69.0,7.88,5.85,1.8
5,38,68,6,10,65,30,82.5,5.05,3.2,1.0
8,58,100,3,9,47,42,68.5,6.08,6.4,1.6
3,64,71,3,10,58,7,79.0,2.19,1.97,0.6
10,38,81,3,9,46,43,68.0,8.6,7.05,2.0
10,61,75,7,3,86,14,58.0,9.45,6.75,2.0
2,12,98,10,7,87,86,78.5,2.68,1.58,0.4
3,56,93,3,9,58,37,74.0,2.31,2.29,0.6
4,30,96,7,6,41,66,50.5,4.4,3.12,0.8
3,77,76,3,10,53,-1,76.5,2.0,2.04,0.6
8,36,64,8,3,61,28,45.5,8.96,4.96,1.6
7,44,94,4,3,71,50,50.5,6.16,5.39,1.4
10,50,77,5,5,40,27,45.0,9.0,6.85,2.0
5,60,68,9,8,71,8,75.5,5.25,3.2,1.0
6,38,100,3,9,54,62,72.0,5.16,4.8,1.2
10,36,99,5,6,61,63,60.5,9.7,7.95,2.0
8,79,77,8,8,75,-2,77.5,7.24,5.48,1.6
6,36,70,8,7,65,34,67.5,6.72,3.9,1.2
10,43,99,3,3,45,56,37.5,8.35,7.95,2.0
3,73,74,4,3,80,1,55.0,2.21,2.01,0.6
2,45,78,4,7,47,33,58.5,1.75,1.38,0.4
6,70,90,4,7,62,20,66.0,4.5,4.5,1.2
8,73,79,9,6,87,6,73.5,7.88,5.56,1.6
7,49,77,8,9,57,28,73.5,7.39,4.79,1.4
9,53,78,3,8,57,25,68.5,7.07,6.21,1.8
9,71,74,3,8,75,3,77.5,6.26,6.03,1.8
2,20,66,8,3,80,46,55.0,2.4,1.26,0.4
4,24,60,5,7,61,36,65.5,4.12,2.4,0.8
8,60,89,3,10,76,29,88.0,6.0,5.96,1.6
9,65,90,8,3,75,25,52.5,8.78,6.75,1.8
6,41,84,9,7,84,43,77.0,6.87,4.32,1.2
7,19,68,4,6,80,49,70.0,7.04,4.48,1.4
10,67,75,4,3,64,8,47.0,7.65,6.75,2.0
2,19,79,10,5,57,60,53.5,2.61,1.39,0.4
5,51,100,7,6,57,49,58.5,4.97,4.0,1.0
3,37,83,3,9,44,46,67.0,2.6,2.15,0.6
7,54,65,3,9,61,11,75.5,5.46,4.38,1.4
8,12,91,4,6,81,79,70.5,8.32,6.04,1.6
4,47,92,7,6,60,45,60.0,4.06,3.04,0.8
9,76,92,10,3,66,16,48.0,9.18,6.84,1.8
3,31,67,10,3,68,36,49.0,3.74,1.91,0.6
5,49,65,6,3,89,16,59.5,4.78,3.12,1.0
10,65,76,10,10,60,11,80.0,10.75,6.8,2.0
2,80,68,8,3,50,-12,40.0,1.8,1.28,0.4
5,80,77,10,9,85,-3,87.5,5.0,3.43,1.0
10,15,79,4,5,44,64,47.0,10.25,6.95,2.0
10,55,88,4,3,77,33,53.5,8.25,7.4,2.0
6,20,71,4,5,52,51,51.0,6.0,3.93,1.2
4,29,93,6,5,69,64,59.5,4.22,3.06,0.8
2,11,85,6,10,90,74,95.0,2.29,1.45,0.4
3,32,80,4,3,57,48,43.5,2.82,2.1,0.6
4,53,96,9,3,71,43,50.5,4.34,3.12,0.8
4,48,91,8,8,75,43,77.5,4.24,3.02,0.8
8,37,82,9,3,85,45,57.5,9.32,5.68,1.6
4,27,100,8,3,43,73,36.5,4.66,3.2,0.8
8,65,76,3,3,82,11,56.0,5.8,5.44,1.6
7,36,80,10,5,40,44,45.0,8.54,4.9,1.4
8,34,64,3,5,83,30,66.5,7.04,4.96,1.6
2,28,81,9,3,48,53,39.0,2.42,1.41,0.4
7,27,86,7,8,76,59,78.0,7.8,5.11,1.4
8,21,66,4,4,50,45,45.0,7.96,5.04,1.6
3,16,71,5,5,58,55,54.0,3.21,1.97,0.6
9,31,91,10,10,56,60,78.0,11.21,6.79,1.8
10,28,88,10,8,56,60,68.0,12.6,7.4,2.0
3,45,96,7,8,73,51,76.5,3.07,2.34,0.6
2,58,70,7,8,47,12,63.5,1.92,1.3,0.4
4,15,68,8,7,51,53,60.5,4.9,2.56,0.8
4,12,65,8,9,78,53,84.0,4.96,2.5,0.8
9,19,66,9,8,63,47,71.5,11.3,5.67,1.8
9,31,83,4,5,69,52,59.5,8.51,6.43,1.8
4,13,100,10,3,64,87,47.0,5.34,3.2,0.8
7,57,97,4,9,71,40,80.5,5.71,5.49,1.4
3,36,90,8,5,86,54,68.0,3.36,2.25,0.6
2,34,90,10,9,59,56,74.5,2.46,1.5,0.4
4,35,74,7,6,48,39,54.0,4.3,2.68,0.8
5,47,78,7,6,41,31,50.5,5.08,3.45,1.0
2,71,62,10,9,71,-9,80.5,2.09,1.22,0.4
8,64,89,6,3,46,25,38.0,7.04,5.96,1.6
3,47,68,3,9,72,21,81.0,2.45,1.92,0.6
5,61,100,7,10,84,39,92.0,4.72,4.0,1.0
2,78,93,3,10,48,15,74.0,1.32,1.53,0.4
5,42,67,8,7,50,25,60.0,5.45,3.17,1.0
8,34,64,10,3,79,30,54.5,9.84,4.96,1.6
3,51,63,7,9,81,12,85.5,2.98,1.84,0.6
8,11,92,7,10,68,81,84.0,9.56,6.08,1.6
7,80,80,6,7,62,0,66.0,5.6,4.9,1.4
7,23,100,5,10,51,77,75.5,7.25,5.6,1.4
4,72,72,7,4,49,0,44.5,3.56,2.64,0.8
4,58,86,8,7,66,28,68.0,4.04,2.92,0.8
5,57,60,5,7,46,3,58.0,4.33,3.0,1.0
10,78,89,6,5,71,11,60.5,8.1,7.45,2.0
6,10,63,5,4,63,53,51.5,6.6,3.69,1.2
7,76,80,3,5,88,4,69.0,4.69,4.9,1.4
8,10,80,10,4,73,70,56.5,10.8,5.6,1.6
9,43,92,8,9,44,49,67.0,9.77,6.84,1.8
10,18,99,3,9,57,81,73.5,9.6,7.95,2.0
9,48,71,7,7,57,23,63.5,9.09,5.9,1.8
2,75,61,8,9,66,-14,78.0,1.85,1.21,0.4
3,47,88,10,9,44,41,67.0,3.5,2.22,0.6
4,10,86,9,10,64,76,82.0,5.2,2.92,0.8
7,62,64,4,9,62,2,76.0,5.53,4.34,1.4
4,63,84,6,10,53,21,76.5,3.54,2.88,0.8
5,52,97,4,10,64,45,82.0,4.2,3.92,1.0
4,49,92,7,4,49,43,44.5,4.02,3.04,0.8
6,16,68,8,5,47,52,48.5,7.32,3.84,1.2
10,79,76,9,3,42,-3,36.0,9.55,6.8,2.0
3,16,86,6,3,47,70,38.5,3.36,2.19,0.6
7,36,82,8,5,62,46,56.0,7.84,4.97,1.4
2,40,80,8,7,74,40,72.0,2.2,1.4,0.4
10,58,94,4,6,58,36,59.0,8.1,7.7,2.0
5,58,88,9,6,76,30,68.0,5.3,3.7,1.0
2,24,90,10,4,84,66,62.0,2.56,1.5,0.4
2,57,92,8,5,69,35,59.5,2.03,1.52,0.4
10,41,81,7,5,50,40,50.0,10.45,7.05,2.0
4,15,94,6,3,79,79,54.5,4.5,3.08,0.8
4,69,78,5,4,86,9,63.0,3.22,2.76,0.8
6,13,74,8,10,83,61,91.5,7.41,4.02,1.2
4,65,61,4,4,45,-4,42.5,3.1,2.42,0.8
2,26,95,10,10,74,69,87.0,2.54,1.55,0.4
5,16,97,10,8,77,81,78.5,6.6,3.92,1.0
3,62,94,7,4,75,32,57.5,2.82,2.31,0.6
5,14,73,4,4,56,59,48.0,5.15,3.33,1.0
9,59,93,6,7,82,34,76.0,8.14,6.88,1.8
6,19,79,5,4,89,60,64.5,6.33,4.17,1.2
9,71,71,8,6,70,0,65.0,8.51,5.9,1.8
2,29,66,7,3,51,37,40.5,2.21,1.26,0.4
9,50,79,4,5,61,29,55.5,7.65,6.26,1.8
7,79,75,7,5,90,-4,70.0,5.98,4.73,1.4
9,34,68,6,5,55,34,52.5,9.27,5.76,1.8
7,43,65,9,3,88,22,59.0,7.95,4.38,1.4
3,24,84,5,8,89,60,84.5,3.09,2.16,0.6
9,62,86,8,4,74,24,57.0,8.91,6.57,1.8
10,49,73,7,9,72,24,81.0,10.05,6.65,2.0
9,62,78,8,8,75,16,77.5,8.91,6.21,1.8
3,64,99,5,3,40,35,35.0,2.49,2.38,0.6
5,52,65,10,4,60,13,50.0,5.7,3.12,1.0
3,77,96,3,3,47,19,38.5,2.0,2.34,0.6
6,63,82,4,5,44,19,47.0,4.71,4.26,1.2
10,34,87,5,6,58,53,59.0,9.8,7.35,2.0
4,51,64,7,9,40,13,65.0,3.98,2.48,0.8
10,71,71,7,9,50,0,70.0,8.95,6.55,2.0
9,66,95,9,10,43,29,71.5,9.18,6.97,1.8
9,55,85,7,5,47,30,48.5,8.78,6.52,1.8
10,68,76,5,5,45,8,47.5,8.1,6.8,2.0
7,56,93,6,8,90,37,85.0,6.44,5.36,1.4
10,63,74,4,10,43,11,71.5,7.85,6.7,2.0
5,53,96,7,7,52,43,61.0,4.92,3.9,1.0
9,55,75,3,4,61,20,50.5,6.98,6.08,1.8
3,25,67,9,6,44,42,52.0,3.68,1.91,0.6
3,69,85,9,3,80,16,55.0,3.02,2.17,0.6
2,72,90,7,5,70,18,60.0,1.78,1.5,0.4
8,14,92,7,7,86,78,78.0,9.44,6.08,1.6
8,37,88,7,5,81,51,65.5,8.52,5.92,1.6
5,29,94,7,7,58,65,64.0,5.53,3.85,1.0
2,60,85,3,10,89,25,94.5,1.5,1.45,0.4
6,16,68,6,9,84,52,87.0,6.72,3.84,1.2
6,39,75,9,6,51,36,55.5,6.93,4.05,1.2
10,26,89,10,5,85,63,67.5,12.7,7.45,2.0
9,55,71,9,10,69,16,84.5,9.67,5.9,1.8
3,60,83,3,3,57,23,43.5,2.25,2.15,0.6
7,73,81,6,3,70,8,50.0,5.84,4.94,1.4
4,21,81,7,7,40,60,55.0,4.58,2.82,0.8
3,71,79,8,4,85,8,62.5,2.83,2.08,0.6
8,56,88,9,4,81,32,60.5,8.56,5.92,1.6
6,15,83,5,9,77,68,83.5,6.45,4.29,1.2
2,31,65,9,5,53,34,51.5,2.39,1.25,0.4
3,60,70,3,7,57,10,63.5,2.25,1.95,0.6
6,60,77,8,10,63,17,81.5,6.0,4.11,1.2
10,50,92,3,4,87,42,63.5,8.0,7.6,2.0
3,36,76,5,8,45,40,62.5,2.91,2.04,0.6
8,75,84,6,4,80,9,60.0,6.6,5.76,1.6
4,20,68,3,10,82,48,91.0,3.8,2.56,0.8
9,48,89,4,5,87,41,68.5,7.74,6.71,1.8
9,18,74,3,7,80,56,75.0,8.64,6.03,1.8
8,69,78,4,6,70,9,65.0,6.04,5.52,1.6
8,18,71,7,8,83,53,81.5,9.28,5.24,1.6
10,65,94,5,5,77,29,63.5,8.25,7.7,2.0
9,16,88,4,8,63,72,71.5,9.18,6.66,1.8
9,40,82,10,8,88,42,84.0,10.8,6.39,1.8
9,13,80,3,6,55,67,57.5,8.87,6.3,1.8
5,30,92,5,4,46,62,43.0,5.0,3.8,1.0
3,34,73,6,10,63,39,81.5,3.09,2.0,0.6
5,18,80,4,5,44,62,47.0,5.05,3.5,1.0
9,36,84,3,3,67,48,48.5,7.83,6.48,1.8
5,55,99,7,7,47,44,58.5,4.88,3.97,1.0
4,21,68,5,9,89,47,89.5,4.18,2.56,0.8
8,10,98,10,5,49,88,49.5,10.8,6.32,1.6
5,17,78,8,7,52,61,61.0,6.07,3.45,1.0
9,10,94,5,8,40,84,60.0,9.9,6.93,1.8
3,32,66,10,4,59,34,49.5,3.72,1.89,0.6
7,41,70,6,6,65,29,62.5,6.97,4.55,1.4
9,26,88,3,7,50,62,60.0,8.28,6.66,1.8
2,18,87,4,5,46,69,48.0,2.02,1.47,0.4
3,75,72,3,3,89,-3,59.5,2.03,1.98,0.6
10,66,94,5,9,72,28,81.0,8.2,7.7,2.0
6,74,97,8,10,87,23,93.5,5.58,4.71,1.2
4,53,62,8,6,47,9,53.5,4.14,2.44,0.8
6,73,100,10,6,64,27,62.0,6.21,4.8,1.2
6,52,89,4,4,74,37,57.0,5.04,4.47,1.2
4,53,78,5,6,50,25,55.0,3.54,2.76,0.8
9,66,89,6,9,54,23,72.0,7.83,6.71,1.8
5,68,95,6,5,63,27,56.5,4.3,3.87,1.0
7,70,79,3,10,89,9,94.5,4.9,4.87,1.4
5,53,76,7,3,81,23,55.5,4.92,3.4,1.0
10,23,93,3,5,58,70,54.0,9.35,7.65,2.0
6,42,75,6,10,60,33,80.0,5.94,4.05,1.2
7,76,97,8,7,73,21,71.5,6.44,5.49,1.4
3,14,79,6,4,79,65,59.5,3.39,2.08,0.6
4,56,66,7,8,56,10,68.0,3.88,2.52,0.8
8,21,79,10,5,40,58,45.0,10.36,5.56,1.6
2,44,71,6,7,47,27,58.5,1.96,1.31,0.4
2,20,69,7,7,57,49,63.5,2.3,1.29,0.4
8,35,94,10,10,58,59,79.0,9.8,6.16,1.6
3,78,67,10,3,81,-11,55.5,3.03,1.91,0.6
9,52,79,7,10,50,27,75.0,8.91,6.26,1.8
5,30,61,4,7,56,31,63.0,4.75,3.02,1.0
9,65,87,9,4,67,22,53.5,9.22,6.62,1.8
3,19,83,9,5,41,64,45.5,3.77,2.15,0.6
7,23,65,10,3,47,42,38.5,9.0,4.38,1.4
5,14,82,5,4,43,68,41.5,5.4,3.55,1.0
7,60,65,5,9,75,5,82.5,5.95,4.38,1.4
8,23,60,7,5,45,37,47.5,9.08,4.8,1.6
4,67,76,8,8,63,9,71.5,3.86,2.72,0.8
3,13,89,7,4,85,76,62.5,3.56,2.23,0.6
4,51,100,7,10,85,49,92.5,3.98,3.2,0.8
9,34,91,10,3,40,57,35.0,11.07,6.79,1.8
3,22,87,8,4,62,65,51.0,3.57,2.21,0.6
10,55,62,8,8,82,7,81.0,10.25,6.1,2.0
7,40,96,9,7,52,56,61.0,8.05,5.46,1.4
6,67,83,3,4,82,16,61.0,4.29,4.29,1.2
7,16,94,10,7,72,78,71.0,9.24,5.39,1.4
2,57,85,7,9,50,28,70.0,1.93,1.45,0.4
6,59,88,3,6,71,29,65.5,4.53,4.44,1.2
10,32,82,5,4,63,50,51.5,9.9,7.1,2.0
6,41,61,6,3,82,20,56.0,5.97,3.63,1.2
5,78,96,4,6,58,18,59.0,3.55,3.9,1.0
4,30,81,8,4,59,51,49.5,4.6,2.82,0.8
6,64,79,5,4,62,15,51.0,4.98,4.17,1.2
3,55,87,3,6,81,32,70.5,2.33,2.21,0.6
5,34,76,4,8,62,42,71.0,4.65,3.4,1.0
7,44,74,7,9,87,30,88.5,7.21,4.69,1.4
7,53,92,4,7,61,39,65.5,5.84,5.32,1.4
2,77,70,3,7,70,-7,70.0,1.33,1.3,0.4
6,32,64,7,8,56,32,68.0,6.54,3.72,1.2
3,41,71,8,5,51,30,50.5,3.29,1.97,0.6
6,60,76,7,9,57,16,73.5,5.7,4.08,1.2
8,65,73,5,3,67,8,48.5,6.6,5.32,1.6
2,62,82,4,7,42,20,56.0,1.58,1.42,0.4
7,73,93,7,7,80,20,75.0,6.2,5.36,1.4
2,77,98,8,9,63,21,76.5,1.83,1.58,0.4
8,34,93,6,6,65,59,62.5,8.24,6.12,1.6
4,52,71,6,9,73,19,81.5,3.76,2.62,0.8
2,50,90,9,6,44,40,52.0,2.2,1.5,0.4
6,11,83,7,3,79,72,54.5,7.17,4.29,1.2
3,74,89,8,5,82,15,66.0,2.79,2.23,0.6
2,78,75,5,7,69,-3,69.5,1.52,1.35,0.4
2,46,94,10,9,84,48,87.0,2.34,1.54,0.4
4,67,100,9,7,49,33,59.5,4.06,3.2,0.8
9,50,78,4,8,65,28,72.5,7.65,6.21,1.8
